country_iso3,year,wheat_yield_kg_ha,cereal_yield_kg_ha,ndvi_season_mean,ndvi_season_max,evi_season_mean,ndvi_m02,evi_m02,ndvi_m03,evi_m03,ndvi_m04,evi_m04,ndvi_m05,evi_m05,ndvi_m06,evi_m06,season_precip_total_mm,season_temp_mean_c,precip_m02_mm,temp_m02_c,precip_m03_mm,temp_m03_c,precip_m04_mm,temp_m04_c,precip_m05_mm,temp_m05_c,precip_m06_mm,temp_m06_c,yield_lag1
AFG,2002,1541.9,1669.8,0.130144639854739,0.2078039434128782,0.0882154078170651,0.0843626459938257,0.0517038187113698,0.1165756949168612,0.0772083756919865,0.1530098038770855,0.1034282347002219,0.1547321061452511,0.1079962546980947,0.1419005819134615,0.1006875910617782,60.5,17.72,26.2,6.61,9.4,13.0,17.4,17.84,7.1,22.39,0.4,28.03,897.7
AFG,2003,1500.0,1458.0,0.1362333689755476,0.21939909623207,0.0915082299143959,0.0832906800618631,0.049172916562697,0.1197162571538499,0.0768109557673529,0.1643800882508295,0.1112788239478331,0.1625020872610197,0.1133006248685476,0.150430701652645,0.1064162089669019,117.1,15.59,27.9,6.66,52.0,9.98,27.0,15.96,8.9,19.16,1.2,25.67,1541.9
AFG,2004,1265.9,1334.8,0.1301137834519822,0.1956382505903253,0.0870294448424219,0.0949544228848414,0.0582703690542725,0.1284676346357368,0.0844286970214437,0.1462484849514056,0.0981209810305609,0.1436135064943181,0.098185755800701,0.1361815137847176,0.0953869130578748,56.8,17.71,9.8,8.85,20.0,11.88,23.8,16.22,3.2,23.48,0.0,27.8,1500.0
AFG,2005,1821.5,1790.4,0.1295191385844006,0.2239850196773371,0.0861948218003752,0.0561418101852964,0.0294906128656631,0.1211740311906389,0.0752381649258291,0.1528577997652753,0.1034471442261887,0.157981862106794,0.1104315940356702,0.1571094741386951,0.1105828163564537,91.0,16.17,20.0,2.3,24.9,12.92,5.1,16.48,33.6,20.68,7.4,27.52,1265.9
AFG,2006,1376.0,1551.7,0.1320730293457465,0.2036522624244648,0.0887413558337155,0.0945065610180912,0.0549088445863267,0.1265275419135943,0.0818669198498215,0.1484190398525692,0.1013829711126189,0.1500572974270903,0.1053163505633574,0.1402082216935288,0.0997844071012441,90.7,18.29,39.1,9.28,44.9,11.68,6.7,17.76,0.0,24.74,0.0,27.37,1821.5
AFG,2007,1818.3,1915.3,0.1410626887173299,0.2302494789208239,0.0951723124668069,0.0958146001613063,0.0562865019367244,0.126122477235974,0.0801495465912503,0.1690392676550006,0.1170823212303167,0.1609598926388132,0.1139089205436124,0.1520284976743722,0.1074681163121298,109.1,17.69,40.4,6.35,55.8,9.64,8.6,20.49,1.4,22.62,3.0,28.69,1376.0
AFG,2008,1226.3,1455.4,0.1147222583620071,0.1812220365553829,0.0783356223158363,0.0506349454799673,0.0289034946941203,0.1100314231115055,0.07424253492385,0.1321789761866802,0.089461156451445,0.1431541249152895,0.1007645861177736,0.1356904781278219,0.096900987474875,50.1,18.17,30.0,1.64,6.4,15.33,10.8,18.65,2.8,25.31,0.0,29.21,1818.3
AFG,2009,1966.6,2040.7,0.1425299336570077,0.2354971178748192,0.0960515582254115,0.0808906186531746,0.0481995525941266,0.1278571035371113,0.0847298757358427,0.1681217750449752,0.111605312052019,0.1755822707829462,0.1225471789562208,0.1599497651728602,0.1130851767264412,130.3,16.49,33.8,7.54,24.2,13.33,48.9,13.87,23.0,22.02,0.4,25.01,1226.3
AFG,2010,1925.2,2011.1,0.1422728040250073,0.2303042134910148,0.0956439492129182,0.083975310001064,0.04987309476583,0.1349037000455434,0.0905465752092866,0.1702729282756986,0.1135499718464367,0.1639051984922802,0.1127598066040984,0.1563710869763579,0.110124709140321,139.6,17.37,63.7,5.25,41.3,13.11,15.3,17.95,17.3,22.23,1.9,27.49,1966.6
AFG,2011,1517.9,1659.9,0.1232873817704965,0.1991882663343538,0.0839615349437262,0.0631249270867393,0.0361406825988182,0.1049061302543076,0.0686791336502651,0.1450927126947545,0.0994583386404301,0.1557964657023136,0.1095260645379813,0.1445162286281197,0.1038137649872621,66.8,17.08,41.9,3.23,13.2,9.44,7.1,18.0,4.6,25.11,0.0,28.71,1925.2
AFG,2012,2010.4,2094.2,0.1264000097158677,0.2110842215132666,0.085744303946415,0.0547240550305273,0.0308358256077529,0.1018163871417728,0.0670248013800414,0.1490912143903616,0.1008598410852862,0.1651369013608748,0.1150674476418364,0.1578191840177714,0.1124093987456703,110.5,15.26,33.2,0.74,30.6,8.09,18.0,18.23,28.3,22.17,0.3,26.59,1517.9
AFG,2013,2024.8,2127.7,0.140010183904402,0.2243329095142742,0.0942931508245976,0.0882054364381613,0.0516902276592604,0.133176920384789,0.0863802654054109,0.1642592339603042,0.1109780805631546,0.161745897338177,0.113918417376764,0.1520806042970698,0.1081074371695802,91.0,17.23,10.3,6.67,19.1,11.98,61.3,15.64,0.1,22.42,0.1,28.72,2010.4
AFG,2014,2023.7,2096.6,0.1265618672370924,0.215704464190925,0.0849664990188007,0.0642239339004534,0.0382087686777371,0.1085200820583624,0.0673758348814664,0.1459856738222347,0.0991797621921803,0.160176425787835,0.1105226344811881,0.1528847144397031,0.108889789663113,53.1,15.74,10.6,-0.08,29.6,9.25,8.0,16.14,4.9,23.81,0.0,28.5,2024.8
AFG,2015,2195.9,2206.4,0.1360239607423245,0.2188299460600359,0.0914110754813942,0.0861812075666848,0.0520307036953138,0.11914978807568,0.0758669929338168,0.1602633449166543,0.1090783339165699,0.1623628089996053,0.1126917840028436,0.1517040301262398,0.1071548625543925,131.8,16.71,72.3,6.39,33.1,8.28,21.3,17.12,5.0,23.09,0.0,28.03,2023.7
AFG,2016,1980.3,2043.3,0.1447837577428869,0.2276976207854661,0.0972754297917816,0.1039085007109762,0.0668151082170056,0.1399925810188076,0.0880717941047306,0.1663200465169275,0.1116722295139313,0.1626520852602924,0.1130018765975988,0.1506262134845681,0.1065350839512044,93.0,17.86,7.0,7.78,45.4,12.9,36.4,15.97,3.9,24.24,0.4,28.04,2195.9
AFG,2017,2034.2,2091.4,0.1317725735124146,0.2140131984379512,0.0895085119869375,0.0697006595453902,0.0395894125703027,0.116004861978759,0.0755654693835548,0.1554761691295652,0.1081005426123294,0.1628817077932873,0.1142882335438357,0.152675565580852,0.1085131634331086,111.3,16.54,84.3,3.79,13.2,9.41,11.2,15.56,2.6,24.84,0.0,28.21,1980.3
AFG,2018,2210.0,2253.2,0.1255681097195378,0.1901311974405057,0.085416807535853,0.086299799868842,0.0543399312362569,0.1144906936705624,0.0758577295606418,0.1388714533157754,0.0945443883803509,0.1457912274677947,0.1007465357075687,0.1420832696619397,0.1014377754399458,35.4,17.65,15.5,6.53,7.7,15.35,4.9,16.55,7.3,21.57,0.0,27.42,2034.2
AFG,2019,2095.1,2184.7,0.1366276258317964,0.2290093824732744,0.0921865479746114,0.0691172912516559,0.038397085309878,0.1029839588095783,0.066199809172996,0.1714730912004566,0.1164510080166852,0.1751180583859843,0.1225894618386287,0.1618007882972886,0.1153793785728861,183.2,15.77,89.9,4.31,62.7,10.61,24.5,15.96,4.6,21.71,1.6,25.48,2210.0
AFG,2020,1943.4,2050.8,0.1472063427440321,0.2356232788571782,0.099001656046764,0.0895049349915605,0.0546242834246563,0.1298042100968319,0.0837000676038554,0.1738695752713943,0.1162273485777757,0.1783565675724762,0.1245957359408572,0.1640521281769222,0.1155589155802448,205.3,16.23,26.1,6.93,52.8,10.41,61.4,15.33,65.0,21.68,0.0,26.51,2095.1
AFG,2021,1963.1,2099.1,0.1327625727426516,0.1968210625806614,0.0904238824660262,0.1043928405295186,0.065863340635308,0.124818837929049,0.0820034022248265,0.143776383050307,0.098628662987897,0.1489171815678339,0.1041573481335472,0.1419920107207413,0.1015923415657295,44.5,17.99,8.7,8.72,23.8,10.91,4.1,17.1,7.8,23.89,0.0,28.76,1943.4
AFG,2022,2045.3,2193.4,0.1327826270376755,0.201295391323301,0.0910869810183934,0.0892129669700731,0.0556943347617352,0.1365860799648672,0.0932628711285986,0.1529758857499931,0.1056313661911226,0.1470811700138608,0.1033991342501287,0.136963124658694,0.0966843899536333,89.8,17.98,25.3,6.04,37.6,11.59,7.7,20.71,17.1,22.55,2.0,28.27,1963.1
AFG,2023,2150.6,2303.0,0.132821889665283,0.2075809908723216,0.0892882346987969,0.0931002292026644,0.0557624274415363,0.1337429871225809,0.0883753505567257,0.1465236847045372,0.0994539716166084,0.1481241904157478,0.1033120547346321,0.1413814933087624,0.0986780936290257,67.2,18.5,44.0,6.63,12.1,15.47,9.8,17.83,1.3,22.37,0.0,29.4,2045.3
ARG,2002,2033.2,3237.0,0.4019306100980269,0.4790487450917479,0.2125312501063491,0.4333678408972184,0.2615958083668919,0.4327857698862861,0.2417084647755172,0.4169483817476194,0.2129709264698974,0.3862670582048926,0.1874715965407589,0.3465676429777957,0.1623921398260649,565.5,15.92,51.4,22.33,325.4,20.63,78.8,15.18,105.8,14.02,4.1,7.78,2235.4
ARG,2003,2539.2,3661.4,0.4033467934456405,0.4758276983805795,0.2147831857031073,0.4332251587231395,0.259122168897669,0.43230572538054,0.2463326817523373,0.4086044814483927,0.2111751106014815,0.3921737259479091,0.1900386885334117,0.3537943002938354,0.1692224145847877,528.7,16.18,175.8,22.01,137.4,20.6,144.7,15.37,54.1,12.52,16.7,10.79,2033.2
ARG,2004,2627.1,3678.7,0.4077372301355315,0.4836618197194762,0.21867407637646,0.4294951982020007,0.2574706420703339,0.4265906360710133,0.2431383023165425,0.4296489501713876,0.222256427799522,0.3968806035334112,0.1990916835621779,0.3610481227713395,0.1743737472822882,329.5,17.01,31.2,22.7,55.3,23.29,145.5,17.43,88.1,11.03,9.4,10.77,2539.2
ARG,2005,2530.9,4199.5,0.3915740674176835,0.474126053163332,0.21207355942073,0.4341922878483518,0.2624832741410512,0.4300600624656341,0.2431466855057657,0.4019655382124985,0.2137604281436544,0.3644696355956122,0.1838154028325413,0.3334152847697653,0.1609238874132279,334.2,16.5,53.2,23.08,191.5,19.91,65.2,15.05,6.9,12.88,17.4,12.01,2627.1
ARG,2006,2625.8,3699.7,0.3994853181876255,0.479064955681854,0.2183971781822045,0.4363848914370363,0.2633420303663387,0.4315008528815455,0.2480938075298742,0.4129435836417013,0.22136527423197,0.3721679868265249,0.1907164034590459,0.3482614407416096,0.1708566012531906,420.8,16.41,103.2,23.88,80.7,19.29,175.7,16.92,11.2,11.72,50.0,10.79,2530.9
ARG,2007,2830.6,4382.4,0.3969807676905592,0.4822506418558079,0.2185360222739492,0.4432611523904928,0.2712833742170401,0.4379209365185615,0.2516160639034027,0.4181544985134149,0.2207154756834369,0.371946557795637,0.1905311268198104,0.3173698882681444,0.1607516425838776,673.3,15.27,198.0,23.28,345.3,19.76,67.1,16.62,46.3,10.04,16.7,7.23,2625.8
ARG,2008,1963.3,3938.3,0.3783851746044326,0.476724897439959,0.2082900256480974,0.4381167682793389,0.2659822449180105,0.4381178956088352,0.2537523005506853,0.3849377130051657,0.2076863035703292,0.3344765805967371,0.1706803199550665,0.3001398297082332,0.1457693411369127,292.5,16.44,125.1,23.84,133.2,20.12,13.4,16.46,1.0,13.19,19.9,8.84,2830.6
ARG,2009,2757.1,3817.1,0.3656494703371998,0.448505085385505,0.2014256123749896,0.4037224796986726,0.2436739511160001,0.4086657479356528,0.2380369461363707,0.3648744221360264,0.2001554737731242,0.3413721239743003,0.1725006283357144,0.3124100988455301,0.1546007538547649,308.8,17.79,127.7,23.94,74.1,23.42,79.3,18.05,23.9,14.71,3.8,9.15,1963.3
ARG,2010,3503.4,4980.7,0.3930977829631052,0.4823764663197925,0.2201780414021667,0.4379768410160118,0.2727362991368517,0.4424724576530977,0.262609766121964,0.3937320167901794,0.2170651909617601,0.3649848910724497,0.1858259769568244,0.3302121240118851,0.1652719315699799,543.0,16.1,282.2,22.15,82.3,21.12,59.7,14.88,87.5,13.05,31.3,9.64,2757.1
ARG,2011,3225.1,4489.8,0.3910817147174411,0.4788081671150173,0.219009440731534,0.4465170862099274,0.2813373038639928,0.4350885622668717,0.2563979121935449,0.3894901474596407,0.2107925782724489,0.3649452841876111,0.1876910194191555,0.3233135310754197,0.161300680515012,470.5,15.81,162.0,21.74,96.9,19.98,115.1,16.54,62.6,12.39,33.9,8.77,3503.4
ARG,2012,2658.4,4137.8,0.3942219972422249,0.4777113784374477,0.2183255311480904,0.4227018167374765,0.2575760426288251,0.4358035320029882,0.2555542988811934,0.4050620704236616,0.2222136476397362,0.3789713017586385,0.1950934043939962,0.3318592599867678,0.1633646137009374,500.6,16.62,219.6,23.16,130.7,19.96,33.7,16.73,108.3,14.44,8.3,8.97,3225.1
ARG,2013,2661.9,4720.5,0.3885400867746927,0.4628341306140827,0.2119383511580968,0.4140415006217022,0.2525521261682569,0.4222149867677168,0.2427410296280903,0.398453646319398,0.2106994197245437,0.3691043999131936,0.1878595146162161,0.3417668461656793,0.1678108693123266,494.4,15.6,133.8,22.58,167.0,17.85,56.8,16.64,122.1,12.1,14.7,9.35,2658.4
ARG,2014,2810.0,4617.3,0.4104957704530854,0.4967597337855329,0.2240794882288372,0.4324879406308745,0.2667143603125401,0.4398406756387178,0.2591105146516653,0.412690792827083,0.2181909362258853,0.3978000353505394,0.1979362916949254,0.3732414426919947,0.1805672490020427,649.5,15.45,224.1,21.54,128.1,18.25,156.7,15.94,92.5,12.79,48.1,9.11,2661.9
ARG,2015,2862.3,4983.1,0.4096776159930664,0.4918847234184018,0.2262959493313465,0.4500731246766394,0.2832763345654399,0.4473066360045382,0.2609916017549019,0.4050724314800779,0.2162055666483275,0.3887236386891626,0.1971584465122336,0.3610976300325551,0.1763294316004403,391.3,17.55,48.1,22.79,102.0,21.04,82.0,18.89,141.2,14.63,18.0,10.74,2810.0
ARG,2016,3304.7,5105.0,0.4048974492357267,0.4959218834484121,0.2168052755017983,0.4559344191994555,0.2798738175609436,0.4433133116478892,0.2616367435255355,0.4012519303329951,0.2039464927255057,0.3772380684985806,0.1800378153489108,0.354669454868019,0.1632640239866351,552.2,15.77,235.9,24.34,31.4,19.94,208.5,15.8,19.4,11.27,57.0,7.82,2862.3
ARG,2017,3180.6,5317.1,0.4254127247425788,0.5146556073863819,0.2274871978968407,0.4518356083640166,0.2729871550389667,0.4538292053454744,0.2621481406671701,0.436883977611631,0.2262326638203055,0.4129854333357562,0.2000074466756798,0.3758753248727006,0.178575131991022,589.9,16.77,98.6,23.43,109.1,20.57,281.7,15.52,85.7,13.4,14.9,11.38,3304.7
ARG,2018,3216.0,4662.9,0.3961143595298379,0.4787562665656351,0.215771147543247,0.4282267238302202,0.2619777057947337,0.4119578656574178,0.2383323522118825,0.3871211755646687,0.2063170942117377,0.4042643726350198,0.2000232399926144,0.3529931261288295,0.1747859211709438,533.8,17.66,44.8,24.95,51.8,21.28,265.4,19.84,159.2,14.29,12.7,8.4,3180.6
ARG,2019,2938.7,5261.5,0.4125733616457693,0.4919680995223895,0.2238483383887544,0.4467775523815052,0.2759801114508327,0.4391709172927238,0.2558500298523962,0.4136829557999886,0.2207420857524387,0.3974789153957469,0.1945047583000015,0.3692434331920896,0.1744197161053772,379.9,16.29,100.1,21.99,107.0,18.79,72.1,16.72,51.4,13.01,49.2,11.37,3216.0
ARG,2020,2759.5,5139.8,0.3955908625831038,0.4847620778350298,0.218987770599959,0.4447843132931932,0.27775624447719,0.4291139395867684,0.2480023111676625,0.4039972120402364,0.2162484261502933,0.3754401041400526,0.1916772929044741,0.3273097462184836,0.1629460781973491,417.4,16.99,67.3,23.4,223.3,22.78,94.2,16.43,1.6,12.37,31.0,10.12,2938.7
ARG,2021,3382.5,5410.4,0.411489065563479,0.4999903005715085,0.2244230985399581,0.444264902835409,0.2715194208750605,0.4350414781385442,0.2513194748795995,0.4250770008428086,0.2257339902671051,0.3902881897067063,0.1960941204357357,0.3663475909503642,0.1797098022863572,306.1,16.89,36.4,22.94,85.5,21.72,103.7,18.75,75.3,11.78,5.0,9.65,2759.5
ARG,2022,2287.6,4821.7,0.3992297286639009,0.4993021448125145,0.2212154710137306,0.4340113866537387,0.2615135829693268,0.4477832005897763,0.2615292803167164,0.4114972021763575,0.2239401624807345,0.3733230154948389,0.1935066717541515,0.3324320194760788,0.1674698412535666,310.3,15.28,112.2,22.72,121.5,18.86,55.7,16.19,19.9,11.29,1.0,7.85,3382.5
ARG,2023,2843.4,3992.9,0.3925616893411537,0.4779735211883828,0.2141570379244009,0.4119386406062714,0.2493765775308778,0.4180618627504235,0.2385410360560828,0.4069044005346955,0.2190542227424128,0.3811123152833315,0.193270237648943,0.3472039543809465,0.1721172109081999,247.4,18.99,16.7,25.6,65.9,26.47,44.9,17.62,119.6,14.51,0.3,11.1,2287.6
AUS,2002,907.0,1117.0,0.3218913027589805,0.3786599536434133,0.1693608919574248,0.3205083543554099,0.1756244857793525,0.3302375510895902,0.1782925554932199,0.3217475146191888,0.1682547547984928,0.3187569348007582,0.1629023638688914,0.3181584958496701,0.161766611325394,77.0,18.75,1.7,23.99,1.8,23.89,33.5,18.91,9.9,15.7,30.0,11.56,2107.6
AUS,2003,1999.8,2068.5,0.3205096411789789,0.386015144673577,0.1730658349318312,0.2907385968486996,0.1625067528273139,0.3277448372784459,0.1818947291676955,0.3270261919794027,0.1766951373307423,0.3280391223726886,0.1730062354033694,0.3289751870165313,0.1712921293943049,200.3,19.04,39.6,26.3,23.9,24.22,33.8,19.24,61.7,15.29,41.4,10.57,907.0
AUS,2004,1634.8,1710.6,0.3335422975124664,0.4057739533239273,0.1800475734996293,0.3267128776360123,0.185964229119058,0.3368090941386536,0.188152555385418,0.3278669437285221,0.1774670650152018,0.3346700805741822,0.1730432806375722,0.3417913780259835,0.1757391562772654,148.2,18.75,20.6,27.47,8.6,21.73,16.8,19.22,56.8,13.44,45.5,12.24,1999.8
AUS,2005,2021.3,2079.6,0.2987622013494898,0.3557485443421581,0.1600318507579443,0.2985279431975055,0.167788010064366,0.2937936835022489,0.1625875284652571,0.2905839590587744,0.1571105503771591,0.2964590751646269,0.1546259416479336,0.3141999859333114,0.1579864206026918,195.9,19.26,1.3,26.4,46.2,25.11,10.6,18.27,70.7,16.42,67.1,10.47,1634.8
AUS,2006,917.3,1088.5,0.3371673583076399,0.3877731865438454,0.1830428224463357,0.3243613973370485,0.1821146153361277,0.3283096843670674,0.1835299082662886,0.3475912441471221,0.1872220625074682,0.3482360838782626,0.1851292096196611,0.3373335019233845,0.1772857176883325,124.8,17.15,44.5,24.32,19.9,22.28,27.7,15.86,19.8,13.71,12.9,9.99,2021.3
AUS,2007,1078.8,1218.2,0.3252773837082028,0.3971291671851619,0.1758420795128597,0.3045668747316286,0.1726322292634417,0.3172781765519702,0.1752667633037117,0.3217154145576556,0.1741056293972262,0.3377777686041364,0.1772399545751793,0.3449591976742767,0.1799766498902763,68.1,18.52,2.3,27.1,1.2,22.93,23.5,18.82,19.7,13.22,21.6,11.11,917.3
AUS,2008,1583.1,1688.2,0.3146882362433647,0.3741791277071668,0.1716878420575391,0.3204050756658496,0.183556575802062,0.3180918751195924,0.1776855070155058,0.3095489001511588,0.1684725244716012,0.3070631117665721,0.1635318899031796,0.3182125820785957,0.1652119576613565,147.8,18.56,35.7,24.89,19.1,24.05,39.1,17.12,20.5,15.34,33.5,11.54,1078.8
AUS,2009,1572.9,1686.5,0.3213227698534783,0.3885432608169676,0.1747570378679058,0.3197954441823601,0.1822326607993428,0.3216734549502975,0.1801661792573841,0.3165619576842856,0.1713825069237552,0.3196402219339903,0.1684559432766397,0.3290562397475227,0.1716726829710941,118.2,18.54,16.0,25.83,15.2,21.93,14.0,19.61,22.8,14.69,50.1,11.14,1583.1
AUS,2010,2030.1,2060.1,0.349462719515354,0.412691233922538,0.1909391785459074,0.3358263715890154,0.1916388707763372,0.3527887148722744,0.2003692194918099,0.3562240856425914,0.1951374778339273,0.351501525746249,0.185792912633934,0.3516305841994684,0.1821323504269241,88.1,18.99,5.7,27.09,25.0,23.98,1.2,19.4,34.6,14.0,21.6,10.98,1572.9
AUS,2011,2151.1,2207.6,0.3864410810049746,0.4487273823642208,0.2088469138921523,0.3675553700478416,0.2106158125168947,0.3947260025545327,0.2182425328154262,0.4031914729281661,0.2164659647647676,0.3890946029245882,0.2046254090520822,0.3789985067442858,0.1949904900426596,123.4,19.22,32.6,26.07,2.4,24.09,12.6,19.59,38.1,14.84,37.7,11.96,2030.1
AUS,2012,1760.9,1921.8,0.3622578552744035,0.4219605446294728,0.1907241307645546,0.3471724541299849,0.1914172634702184,0.3774740771389016,0.2047813548664683,0.372586228619603,0.1978017191022491,0.358238275775564,0.1824782603180698,0.3562200046379527,0.177426259296501,114.3,18.75,24.8,25.59,11.9,22.38,4.7,19.48,18.1,14.83,54.7,11.72,2151.1
AUS,2013,2006.1,2194.3,0.3253868079579339,0.3873222162786585,0.1720213468603504,0.2998235250804378,0.1671699724162235,0.3274520219753624,0.1788364208479581,0.3243470810335183,0.1717871736001513,0.3319785606660537,0.1686921311917947,0.3432414616619062,0.1736326203602467,115.8,18.75,8.7,26.88,44.4,21.21,11.6,21.35,40.9,14.2,10.2,10.72,1760.9
AUS,2014,1917.2,1999.1,0.344248006607154,0.4189426206728968,0.1863148031402428,0.3123570003764492,0.174570222355983,0.3369709639569334,0.186763821969543,0.3529218216362906,0.1908517572146622,0.3605208919955731,0.1903755790867556,0.3587439478799077,0.1892011027709844,134.2,18.83,9.2,26.06,8.5,24.04,42.0,19.49,51.9,14.33,22.5,10.67,2006.1
AUS,2015,1974.3,2098.0,0.3262640276706324,0.392931030030951,0.1769988791910982,0.3179535519439532,0.1808009003262692,0.3165628759216013,0.1755735148384329,0.3237094555587586,0.1745476416279603,0.3291655783586397,0.1743679549781117,0.3438328771761628,0.1797095825969936,149.7,18.48,9.7,28.41,60.5,22.04,23.8,17.22,16.8,13.05,38.9,12.37,1917.2
AUS,2016,2610.0,2670.4,0.3338895769279842,0.4169382910422393,0.1800630414215468,0.3191359390745232,0.180318570048429,0.3233412263837678,0.1777796541408271,0.3187884879785703,0.1733624640818152,0.3396807330032516,0.1782320177700786,0.3684797101843968,0.1906693234623876,196.0,17.89,6.1,25.4,68.6,23.39,48.0,18.29,36.8,12.49,36.4,10.14,1974.3
AUS,2017,1917.8,2043.5,0.35708022280281,0.4184092179852961,0.1929780852275557,0.3474496746978279,0.1940151562206472,0.3563138737377752,0.196032014658053,0.3613013820566839,0.1965336598329561,0.3634842409961405,0.1914107760444547,0.3570935788191957,0.1870856876043394,110.2,18.16,54.6,23.39,18.9,22.07,7.9,18.92,18.7,14.37,10.0,12.42,2610.0
AUS,2018,1691.7,1818.2,0.3229086795191194,0.3853148063167171,0.1736453939287449,0.3184660674559116,0.1773216670275697,0.3357359482034228,0.1856454035754062,0.3238729631834903,0.1744000396043814,0.3146499415281529,0.1654539676364436,0.3216596233613636,0.1653860858201888,84.4,19.09,13.3,25.51,8.4,24.34,4.0,19.4,17.8,15.05,40.9,11.55,1917.8
AUS,2019,1468.1,1665.8,0.3048481115660708,0.3656059034986907,0.1661644700913812,0.2810893807658386,0.1588987918006508,0.2917488547215732,0.1627997319637094,0.3118221126606382,0.1695514733298716,0.3179171674891721,0.1707790717904213,0.3215187631262265,0.1687800686668798,128.2,18.78,1.7,26.68,12.6,24.55,21.0,18.57,6.6,13.39,86.4,11.21,1691.7
AUS,2020,2524.9,2515.9,0.3204888291931191,0.3872335637785684,0.1793313730737337,0.3012032783038746,0.1740239945667342,0.3291472663582187,0.1892239453236964,0.3236523518476654,0.1808732593098521,0.3213675252287795,0.1759743168323318,0.32691724716729,0.1765485477548793,225.3,19.06,52.1,27.02,25.2,22.23,3.7,19.94,66.9,13.76,77.4,12.68,1468.1
AUS,2021,2847.0,2817.0,0.3411155220041389,0.4067970428349823,0.1869504077688212,0.3274211545904061,0.1871756521953414,0.3440301567382587,0.1930460980187354,0.3462124023319564,0.1911105398104951,0.3400925646741227,0.181628373519681,0.3477458750462555,0.1818165391205166,204.6,18.51,26.8,23.84,34.3,23.54,27.0,20.45,70.4,14.78,46.1,10.28,2524.9
AUS,2022,3187.5,3277.8,0.3485338172668222,0.4257137683380641,0.1903639373824258,0.3439768074906417,0.1983409687118881,0.3344786885380448,0.1880757646114057,0.3360449231091399,0.1815774022114032,0.3611805136604195,0.1896133574033295,0.3672437153357921,0.1944141799604044,158.8,18.93,4.8,27.61,13.9,23.63,32.3,17.74,55.5,14.48,52.3,11.75,2847.0
AUS,2023,2667.6,2690.9,0.3561574920308144,0.4227078109627633,0.190446400737592,0.3481335022628063,0.1964794775381507,0.3577914685655409,0.1951296540979956,0.3633984243699381,0.1928868402921617,0.3554397234222987,0.1856852685113325,0.3564976164654179,0.1823568299463618,155.5,18.04,2.0,26.59,26.9,23.74,27.0,16.36,20.4,14.61,79.1,9.4,3187.5
AZE,2002,2602.8,2623.2,0.4035315488661968,0.6212120304397393,0.2486527967481545,0.2923900439937786,0.1519171051649865,0.3120626547898082,0.1759095716675877,0.4414372173756733,0.2636779546385086,0.5143240443819161,0.3389047685216353,0.4701303297319693,0.3188654434972797,215.2,9.1,9.6,2.83,14.9,5.89,50.1,7.1,106.5,11.55,34.2,17.75,2615.4
AZE,2003,2559.9,2604.1,0.3628866883255224,0.613686430226277,0.2279662157199424,0.1746520465386519,0.0886875664747041,0.2311782507804158,0.1231582468230395,0.3801675947833999,0.2307064344612366,0.5274934917809263,0.3560652544661135,0.5108464624113207,0.3457256787927447,211.0,7.31,15.0,-1.63,48.6,0.23,41.1,7.18,56.5,14.06,49.8,16.13,2602.8
AZE,2004,2574.8,2588.8,0.4241420385109688,0.6246087770031474,0.2671587284826909,0.3269070619629174,0.1736541378353364,0.3600050197478098,0.2079778966459313,0.4675419901340888,0.2941471946453076,0.5164822350271029,0.3485139831958957,0.4641545517342855,0.318539030101281,158.7,9.28,19.2,0.81,39.4,4.99,37.8,8.0,38.9,13.4,23.4,18.92,2559.9
AZE,2005,2581.8,2593.1,0.3953225503115509,0.6019654335458261,0.2488019728304057,0.2424603176234613,0.1258272308725253,0.334325812782471,0.187776826102187,0.4659337324141044,0.2914602936583733,0.4999649543972989,0.3358062938032242,0.446412337733353,0.3093026070755905,149.8,9.12,16.7,-1.59,23.8,3.52,19.1,10.59,36.1,14.46,54.1,17.89,2574.8
AZE,2006,2605.0,2599.3,0.4165490374343618,0.6258697456106903,0.2610477159058458,0.2641693301360507,0.1344639948139771,0.3780693057725772,0.2096221041174402,0.4855141286513679,0.3069036319717074,0.5324787067269778,0.3593848380048608,0.4356346844569074,0.3014148192959723,96.2,10.93,14.4,0.71,18.3,5.38,41.9,10.32,19.3,15.05,2.3,22.54,2581.8
AZE,2007,2672.2,2667.4,0.3920081918348697,0.596016694449759,0.2501887369374306,0.2690778699438143,0.1423528852135017,0.3206216945230514,0.1863649187234813,0.4416991344250963,0.2743172949807937,0.4772327651064865,0.3346494078363565,0.4614459802212742,0.3178562064224062,147.1,8.87,6.2,0.32,33.3,2.45,43.1,6.32,14.5,15.94,50.1,18.72,2605.0
AZE,2008,2725.1,2741.5,0.3966397396380127,0.5992988156549908,0.2518545481625092,0.2180833191565759,0.112107378506574,0.3546503500627623,0.2047692711219425,0.4746422509347901,0.3096953342028219,0.5008918006074485,0.3293142265043988,0.4454292846456261,0.308328055865963,143.3,10.18,6.0,-2.08,11.0,8.82,25.5,13.01,50.5,13.01,50.3,17.69,2672.2
AZE,2009,2594.6,2606.7,0.4061078136572925,0.593245160366877,0.2613356058671251,0.3114668784968936,0.1684288828952975,0.3779716571832323,0.2323401712600468,0.4457266353390733,0.2833877847985671,0.4757214289350999,0.3239556813732688,0.4293224803929676,0.3031735024306085,107.2,9.32,9.8,2.68,15.7,4.29,27.7,6.12,25.2,14.22,28.8,18.86,2725.1
AZE,2010,1938.1,2020.6,0.4417305391373388,0.6601604679611303,0.2875311261434486,0.2808405393960032,0.1578703707661138,0.4071683421542817,0.2410841138415017,0.5132057310324827,0.3316075993355258,0.5452547626476215,0.3804899335905641,0.4741300424353274,0.3325219672443743,222.6,10.01,18.8,1.11,33.3,5.38,54.7,8.13,96.9,13.49,18.9,21.37,2594.6
AZE,2011,2437.6,2484.4,0.3961287925308634,0.6265649955935241,0.2551065154799972,0.2080548372985861,0.1100946300910735,0.3011827053171424,0.1683183593537979,0.4495917789980723,0.287575342762624,0.5293764726474026,0.3637301346362761,0.5032101918324932,0.350832394655627,246.0,7.68,34.5,-3.58,24.0,2.55,41.6,7.4,80.4,13.26,65.5,18.0,1938.1
AZE,2012,2614.4,2659.7,0.378267338848225,0.610514298501543,0.2488909224401224,0.1612618589390912,0.0891757099147715,0.2948802036267216,0.1705827864307536,0.477176861157832,0.3160514047926883,0.5045579796678701,0.3517513153167108,0.4622763536789153,0.3209502380975496,136.3,8.86,19.5,-4.09,17.2,0.24,15.8,11.79,46.6,16.0,37.2,19.98,2437.6
AZE,2013,2671.9,2692.3,0.4422611496938755,0.6238860841084626,0.2835209702759576,0.3364118389291605,0.1799992784024081,0.4104564324415551,0.2472057559344772,0.4910697372550791,0.3297722546910487,0.505039412138154,0.3432968952473456,0.4792961903915925,0.3227772800125712,186.6,10.1,11.1,2.15,22.6,5.33,35.0,9.88,60.5,14.4,57.4,18.21,2614.4
AZE,2014,2328.5,2343.6,0.3837005127396751,0.5617252129823884,0.2411380908693376,0.2432115016765171,0.1276760500482565,0.3410257123532118,0.1888063376383371,0.4389767623257891,0.2701746709903612,0.4687265987844765,0.3208889880304219,0.4356787309383431,0.3023286295062813,143.2,10.41,6.8,-0.71,20.4,4.98,17.4,10.33,47.3,17.06,51.4,19.6,2671.9
AZE,2015,3038.5,3083.6,0.4466494868692938,0.6542939850925682,0.2889108494283403,0.3331109635416156,0.1818358259080321,0.408831024750674,0.241048853497525,0.5268353078337601,0.343459809623539,0.5313403096632732,0.3697736246460457,0.4416172341855703,0.3126327360052569,196.9,9.63,26.7,0.87,41.3,3.1,51.2,8.31,49.5,14.05,28.2,21.31,2328.5
AZE,2016,3047.5,3005.1,0.4676008466338278,0.6615912357060796,0.2964347395180126,0.3481838511705473,0.1869258244862086,0.4571149104851868,0.2776798789008989,0.5429730959013773,0.3520354960228234,0.5235602098895467,0.3536482451977271,0.4748661735958737,0.3158829213918718,209.7,10.3,19.6,2.63,32.0,5.44,34.7,10.24,63.8,14.7,59.7,18.27,3038.5
AZE,2017,2968.7,2942.2,0.4075345821397744,0.6229685927683627,0.2561323233154702,0.2153584217943085,0.1125298727146126,0.3580926024136672,0.1984959160624813,0.4747325937345036,0.300105146523338,0.5160972169566459,0.3491190240386526,0.4816812064173169,0.3243992732558949,197.4,8.85,19.4,-3.0,23.4,4.46,36.7,8.33,62.1,14.79,55.8,18.82,3047.5
AZE,2018,2938.3,3013.7,0.454107042902957,0.6518490219347643,0.2906214381284258,0.348983631443007,0.1929031298079439,0.4250367339733288,0.2531989159411231,0.5404842390387432,0.3485634281998008,0.5056569965501548,0.3474703862506448,0.4576053185225747,0.3144418225067519,220.6,10.56,33.2,1.88,51.7,7.24,35.4,8.59,51.9,15.45,48.5,19.02,2968.7
AZE,2019,3155.5,3239.0,0.4369437097768894,0.6448379782567126,0.2797573147560301,0.3339889546408081,0.1785548651152038,0.3947840869133882,0.2273053425926929,0.5021142781614575,0.3233757930521124,0.5078448104383366,0.3546598080244234,0.4523020011244607,0.3177576236250151,200.9,10.08,25.0,0.96,34.9,3.43,39.1,7.86,51.3,16.12,50.6,21.41,2938.3
AZE,2020,3090.8,3227.3,0.3926105888414695,0.5851021439133949,0.2495020601877528,0.2750332004976697,0.1407957038405357,0.3382062582072765,0.197616724028511,0.4339553662650346,0.2764829096429578,0.4932043002687405,0.3363101414615958,0.4286235912871005,0.2989152695066303,165.9,10.13,11.6,0.75,21.0,6.08,74.1,7.0,41.0,15.45,18.2,21.0,3155.5
AZE,2021,3210.1,3297.4,0.418827661948743,0.618237171197247,0.2674206282578258,0.2954246034277721,0.1493119406003762,0.3592812775441598,0.2122124876397507,0.5055924496850854,0.3379260111582794,0.5061340489464007,0.3412087614137243,0.4349663745680281,0.3000994096400225,181.2,11.04,25.9,2.25,55.5,1.99,15.7,12.55,60.6,16.36,23.5,21.59,3090.8
AZE,2022,3111.3,3162.9,0.3907689327699348,0.5737260886883582,0.2438381081355164,0.298662097769177,0.1568720539446042,0.3097261999073961,0.1708350667736697,0.4216719476952235,0.2667980247448074,0.4853808238885715,0.3172097332551485,0.4470418438730082,0.3114983028219251,188.5,9.65,4.5,2.03,37.7,0.24,17.1,11.95,81.2,12.96,48.0,20.75,3210.1
AZE,2023,3302.0,3368.2,0.3953724351718789,0.5760919588205902,0.2468036170251991,0.2588749233601077,0.1342436529488389,0.3472469344200751,0.1966460641326762,0.4531280566517305,0.2883841558750254,0.4672237531022742,0.3027480461787436,0.4568082950649382,0.3149325337382139,255.5,10.24,22.1,-1.36,23.1,7.75,31.1,10.72,68.4,14.58,110.7,18.68,3111.3
CAN,2002,1832.4,2375.4,0.152886928800634,0.4783549687565234,0.0676783061853323,0.0420073336129408,0.0184948465722297,0.0372591980286532,0.0192716303799212,0.0721446653713901,0.0269449911090635,0.1999484676003964,0.0753622878653874,0.421409584868293,0.2036810703034833,227.0,2.31,13.9,-5.48,26.5,-10.78,28.0,1.32,35.0,9.01,123.6,17.18,1945.2
CAN,2003,2256.5,2758.8,0.1705626716739071,0.469355282226138,0.0768428620002523,0.0386399909155094,0.0158017304136057,0.0410292973129479,0.0189249325951789,0.1005034914103435,0.0367889308723382,0.2571249291727569,0.1089787328048667,0.4243880374611389,0.2095062746724913,166.5,2.93,18.3,-14.79,16.2,-6.87,57.4,5.84,35.5,12.34,39.1,16.95,1832.4
CAN,2004,2640.9,3141.9,0.1502055695055662,0.4468999452015273,0.0655200327629438,0.0397083306919295,0.0167890959568829,0.0430669584591546,0.0194973255341173,0.0894152897395172,0.03266994877942,0.1945945614431419,0.0747576443496546,0.3933425946056148,0.1897516530866278,262.8,3.34,18.6,-10.2,31.8,-1.52,16.4,5.31,114.0,8.44,81.9,14.24,2256.5
CAN,2005,2738.1,3215.9,0.1794148267225115,0.4771459499475652,0.0795945438857801,0.0443615436308801,0.0190730203336058,0.0446491486968136,0.0180849799298047,0.1215877799122021,0.0416152585570251,0.2610388840089344,0.1080489577763786,0.4358872788295707,0.2179016611489286,324.6,4.21,27.3,-9.67,53.2,-3.19,42.5,6.96,77.1,9.97,124.5,16.1,2640.9
CAN,2006,2609.6,3046.3,0.1874623176743415,0.4924019897810897,0.0839927096276216,0.0450807316377407,0.0195383554965878,0.04023080327106,0.0169518340482258,0.1278514889474866,0.0453221920219774,0.2810091337031266,0.1194847057327465,0.45445130175442,0.2258924240982029,341.7,4.8,15.1,-10.15,22.5,-4.12,104.9,8.03,60.8,12.46,138.4,16.84,2738.1
CAN,2007,2331.7,2973.4,0.16361314593325,0.4771152778727629,0.0731918695751697,0.0338965221454502,0.0141148074362107,0.0394918539187548,0.0175166450972715,0.0935166416224832,0.0324774617410392,0.2436317285171863,0.1004302722752088,0.4160311849222334,0.2071064862530676,252.0,3.8,20.6,-15.27,28.7,-0.61,35.2,4.52,96.4,12.23,71.1,16.73,2609.6
CAN,2008,2857.5,3391.7,0.1634284195532024,0.4828129781923783,0.0746298768197806,0.0371341303585085,0.0168152892518352,0.037307009258848,0.0187272331885395,0.0731652914466976,0.0281248559582501,0.2454032676831066,0.1008120074267435,0.4325408589202129,0.2144414136896259,165.3,3.21,17.3,-13.35,9.1,-2.88,25.1,4.47,31.4,11.43,82.5,15.78,2331.7
CAN,2009,2789.7,3299.5,0.1490532268321304,0.456983280575171,0.0671381070838308,0.0353890920101682,0.0147100185768483,0.033006302356744,0.0156578919972501,0.0805751559943286,0.0295673922290467,0.2059936381243235,0.0826259597619204,0.3985442613847007,0.1987298322724349,102.2,3.04,11.1,-12.46,6.1,-5.0,34.9,4.02,20.8,10.75,29.4,16.84,2857.5
CAN,2010,2808.5,3501.1,0.1938762991869879,0.4867662287623826,0.0876238164247939,0.0416891607555572,0.0159786711492807,0.0709391815696637,0.0291242169159458,0.159822704421513,0.0616993481879455,0.2711138112049191,0.1185633651760688,0.4363802754014745,0.219687257893155,245.9,5.03,4.1,-12.2,3.0,1.1,41.3,7.44,99.0,10.46,98.6,17.18,2789.7
CAN,2011,2956.8,3552.4,0.1615987157817364,0.4848565210861068,0.074280025874872,0.0374300472721358,0.0172311672472695,0.0334122543150784,0.0159075427734367,0.0766675743482867,0.0299217053165674,0.243994792909966,0.100794151090051,0.425783948913166,0.2139573007801782,261.7,2.56,12.3,-12.61,15.6,-6.52,19.4,4.32,73.4,10.38,140.9,16.25,2808.5
CAN,2012,2874.3,3456.3,0.185480490277366,0.5028381855531405,0.0862290429013692,0.050261914684967,0.0237787070815631,0.0639945196363705,0.0291956147987106,0.1154042317506674,0.0437266922676556,0.2552351769382588,0.1086940217094699,0.4526738838851197,0.232557156543533,229.8,6.47,8.2,-6.96,13.7,3.39,52.0,5.96,79.5,11.73,76.4,17.68,2956.8
CAN,2013,3598.0,4160.4,0.1655752155182609,0.4919981037829867,0.0759929754752934,0.0358866093488676,0.0152150589636792,0.0363861669157617,0.017011372804489,0.0681026601730316,0.0256122938980992,0.2478763534439108,0.1035809391002519,0.4502413689914051,0.2255649514612198,173.6,3.46,14.8,-8.82,20.0,-6.6,22.8,1.58,36.3,13.3,79.8,17.06,2874.3
CAN,2014,3081.8,3647.0,0.1666789829098385,0.4869069622230437,0.0771156296134041,0.0414633990449642,0.0180774736941383,0.0365662205420555,0.0170528208965303,0.0715921071842345,0.0272215314366805,0.2481841298799131,0.1056601427753557,0.4458897183576611,0.2243664764834155,274.0,1.46,11.2,-17.11,14.3,-6.95,53.0,3.29,49.0,11.57,146.5,15.19,3598.0
CAN,2015,2892.5,3673.0,0.1845537167677289,0.4869984434032259,0.0847437756774107,0.0423356510994489,0.017714690242642,0.0505998213641763,0.022498175920932,0.1136200318172759,0.0425815655008178,0.2819270069444262,0.1233186942028513,0.4446185366864809,0.2242864054385246,86.4,4.56,21.2,-14.97,15.7,-0.5,15.6,6.17,17.5,11.73,16.5,19.0,3081.8
CAN,2016,3580.5,4239.1,0.187555867669252,0.5085655712055009,0.083813203259548,0.04168875079176,0.0171210443662392,0.0531129808714048,0.0218425666915543,0.1193106586994879,0.0428220827834808,0.2769656640083681,0.116896635426287,0.4598900304123104,0.2293448721653152,177.5,7.17,11.7,-4.77,21.9,0.83,26.2,5.61,52.9,14.67,64.8,19.09,2892.5
CAN,2017,3381.5,4104.8,0.1858843803472033,0.5025037583118325,0.0852598579721524,0.0485255391162544,0.0220298789755431,0.052493908677444,0.0252634990631955,0.1009249877385189,0.0382729188255299,0.2816862448809405,0.1195995956578349,0.4582130578212869,0.2290358258108413,103.5,5.59,10.4,-6.93,13.5,-2.4,24.6,5.43,21.6,13.41,33.5,17.63,3580.5
CAN,2018,3274.2,3914.7,0.1608491582069972,0.4730795580559696,0.0737084584488165,0.0406408897153551,0.019369431592443,0.0367159758291479,0.0172700507546536,0.0796591753188887,0.0305566592627508,0.2369898529888209,0.0996006425511548,0.4205164671570603,0.2083158141950217,152.6,3.94,8.5,-15.41,33.3,-4.28,17.0,2.44,34.0,16.13,59.8,19.4,3381.5
CAN,2019,3383.4,4010.8,0.1763883010946514,0.4891649345912487,0.0806327589326874,0.0391854523822594,0.0182383040989006,0.0542068702113264,0.0237352977103654,0.1090904204876289,0.0428486753735327,0.2473790000068308,0.1031250501409081,0.4414551800951584,0.2212775442884655,127.4,2.15,16.8,-20.16,3.4,-4.64,33.1,5.6,18.7,10.68,55.4,17.72,3274.2
CAN,2020,3537.4,4091.9,0.1530849242608607,0.4929008538107555,0.0695533757740277,0.0390233665388657,0.0173287311112014,0.0411224089224469,0.0207954338849634,0.0724904387571716,0.0281351018055517,0.2006586086862346,0.0801930510559909,0.4212511783227655,0.2073804073342463,140.3,4.69,5.3,-7.83,9.5,-1.83,12.6,2.3,18.4,12.52,94.5,17.85,3383.4
CAN,2021,2437.5,3119.8,0.1753541697738966,0.4971952545241499,0.0798625916950389,0.0368358734964499,0.0168334312265974,0.0559327823058636,0.0268922474230284,0.1112467647941306,0.0414536318993788,0.2448524536113774,0.1036243486664593,0.4370320886189292,0.216564524026822,178.9,4.92,6.5,-15.02,15.1,1.42,24.2,4.93,57.1,11.56,76.1,20.28,3537.4
CAN,2022,3449.0,4078.7,0.1628698026721591,0.4966089276986837,0.0745146905688054,0.0398916870719052,0.0178128165967488,0.0394167088652529,0.0171268836512492,0.0605100371236154,0.0221467799154881,0.2382241282385434,0.0984672468861408,0.4481408213812008,0.2250058397918562,190.9,2.89,22.2,-14.03,17.1,-3.67,22.2,1.77,71.0,11.75,58.3,17.42,2437.5
CAN,2023,3120.1,3694.7,0.1905294634798676,0.5076455761741044,0.0888016616095662,0.0352190770370703,0.0144430868501486,0.038505192706975,0.0187653333883837,0.1012128353993218,0.0387493102319613,0.3228563555175782,0.1431577668284797,0.4671339696690277,0.2366808056019023,116.9,4.96,8.2,-9.83,8.2,-6.97,38.0,3.21,22.8,15.79,39.7,21.64,3449.0
CHN,2002,3776.6,4869.1,0.2753721355216584,0.4455445729105394,0.1643679448879025,0.1836787381272183,0.0975687951157641,0.2232442215155041,0.1239158135337946,0.2487960966220043,0.1462184730658755,0.3257223003932785,0.1984487779391384,0.3982239728008768,0.257349758732622,298.2,16.62,3.1,6.47,25.8,11.73,34.6,16.82,129.2,20.1,105.5,27.35,3806.1
CHN,2003,3931.8,4871.1,0.2680893394298814,0.4300885693180015,0.1576838870557317,0.1823614618391688,0.0939771401204306,0.208174483942411,0.1115716453255721,0.2595007618682373,0.149729500651244,0.3113454431767872,0.1915136091784979,0.3820874640693392,0.2433749236619161,279.5,15.06,26.4,3.36,33.1,8.14,31.4,15.47,49.8,21.54,138.8,26.04,3776.6
CHN,2004,4251.9,5186.8,0.2737666006542806,0.4340914459501143,0.1609758642535516,0.1841048181904341,0.09539817798089,0.2075542741754599,0.1124285296897985,0.2676777542917395,0.1548465829148929,0.3225337335859725,0.1938984894056819,0.3899265980475814,0.2500254552798974,219.8,15.53,17.6,4.81,11.4,9.25,11.7,16.56,83.3,21.13,95.8,25.57,3931.8
CHN,2005,4275.3,5224.6,0.2586712492185001,0.4346957026851376,0.1547178476966624,0.1457535652511913,0.0776078380453496,0.1981051314513652,0.1071840084291851,0.2537400587073474,0.1466688925570443,0.312608972648873,0.1923333375219276,0.3859802065374104,0.2514459416353345,227.1,15.4,11.3,-0.27,12.3,7.58,24.0,18.12,56.4,22.04,123.0,28.54,4251.9
CHN,2006,4593.5,5313.4,0.2655151010416312,0.4378212729904893,0.1590145939362406,0.1834228769480677,0.0958768425112931,0.2029391849901355,0.1114850137177556,0.2475872165194394,0.1460180646804004,0.307471487860485,0.1904879429698447,0.3891540427403652,0.2528919299274548,209.6,15.99,17.3,2.45,4.5,9.86,36.7,16.74,67.1,21.99,84.0,28.03,4275.3
CHN,2007,4607.6,5320.6,0.2801507255721835,0.4382406290342353,0.1680071174030679,0.1990425176648328,0.1046970456416267,0.2066578145531713,0.1151768408242261,0.2780750357190169,0.163649217414116,0.3247735077714417,0.2021342515384573,0.3949659836471315,0.2560086079157486,207.6,16.77,23.6,6.21,64.6,9.05,10.1,16.34,42.2,24.6,67.0,26.96,4593.5
CHN,2008,4762.0,5549.7,0.2752753875001945,0.4548242004843342,0.1661779640437856,0.1759559824051683,0.0933074702045889,0.2168804116281691,0.1180098584366686,0.2661591265787761,0.157222816441288,0.3240838319589476,0.2047623095096795,0.3962488214117857,0.2593223949759754,204.3,15.53,3.8,1.26,9.7,10.96,85.4,16.22,68.3,22.75,37.1,25.9,4607.6
CHN,2009,4739.0,5449.6,0.2766212558275163,0.4364736139433318,0.1674890540329421,0.181052476151041,0.0976423370503323,0.204001774606323,0.1140574908550959,0.2789621344497045,0.1634303946351301,0.3411554269501903,0.2141504749217628,0.3807566678302694,0.2497888504534747,262.1,15.92,27.9,5.05,22.7,9.13,49.8,16.42,107.4,20.66,54.3,27.69,4762.0
CHN,2010,4748.6,5527.5,0.2616611577446766,0.4427143555832307,0.1593232855488978,0.1686912553784688,0.0898919051117738,0.1952739350762495,0.1080900027858475,0.2361866272756098,0.1389894575805783,0.3346602547786032,0.2086171131293829,0.3762890445081995,0.2526278961676002,187.7,14.31,16.8,2.56,22.6,7.09,55.1,13.14,55.6,21.42,37.6,26.54,4739.0
CHN,2011,4837.6,5710.0,0.2751215258757932,0.4506612547851602,0.1665814987785077,0.1796186907369972,0.0959288765719846,0.1965345865129023,0.1085519833516118,0.2638076198900452,0.1553926219650588,0.3376196743815913,0.2121444332323009,0.4010807815166078,0.2626663804535821,121.1,15.23,29.5,1.81,6.8,7.64,13.3,16.49,43.5,21.31,28.0,28.05,4748.6
CHN,2012,4986.9,5828.7,0.2658444048295628,0.4566089521664723,0.1626361821877582,0.1617372534721912,0.0897651187968188,0.1959060464180833,0.1090383499556965,0.2602784332021979,0.1537845266649876,0.3197763219168431,0.2024306733925344,0.3943179698941057,0.2598085384083128,110.1,14.89,0.2,0.91,30.2,6.57,48.4,16.46,17.8,22.47,13.6,27.59,4837.6
CHN,2013,5055.6,5897.7,0.2821766580467743,0.4688897492179323,0.1718645840683603,0.174560416072272,0.0923815461236741,0.2117659979410218,0.1179665143760362,0.2588860874449607,0.1528767966081739,0.3474304791951378,0.2191078712214631,0.4214511037583353,0.2788975943707579,198.9,15.67,13.0,2.63,8.4,9.87,29.5,15.25,126.9,22.74,21.1,26.94,4986.9
CHN,2014,5243.5,5896.3,0.2812895278565113,0.4608328360140928,0.1732772937627366,0.1805446907680208,0.101091777987575,0.2224598422800615,0.1222411927348245,0.2786768338555588,0.1669126635982475,0.3259193792858386,0.209468309929469,0.4020142024242772,0.2685726515950033,208.9,16.17,30.7,1.42,5.5,11.79,71.4,16.83,68.6,22.89,32.7,26.88,5055.6
CHN,2015,5392.7,5985.2,0.2879617298648881,0.4666571125867778,0.1773579279767439,0.1863738215724061,0.1015818882941269,0.2226761357320875,0.1250076797111212,0.2846522987069538,0.1719371515206645,0.3409613778944729,0.2179178037511235,0.4083410403227194,0.2722737792011213,312.5,15.27,6.8,3.67,27.1,9.74,78.8,14.86,85.3,21.5,114.6,25.77,5243.5
CHN,2016,5396.5,6018.6,0.2916035335426186,0.4562277764181882,0.1773005215655182,0.2068109835178523,0.1075652315558844,0.2175260225564884,0.1203092453294669,0.280595526488407,0.1658051896017316,0.3559500729452735,0.2254888581521248,0.4003306986114519,0.2691742630658226,261.4,16.03,18.2,3.48,6.2,10.46,43.7,18.21,71.5,21.39,121.7,26.22,5392.7
CHN,2017,5484.1,6110.8,0.2952264425221315,0.4631878202972225,0.1797258609741217,0.218037043672322,0.1158128493108483,0.2158797863022997,0.1197004909284247,0.2923289733791854,0.1716332480731124,0.3650169563192197,0.233852430414295,0.3883272383832123,0.2596552692260441,194.9,16.06,12.8,4.3,12.5,8.85,32.1,17.12,68.7,23.41,68.9,25.82,5396.5
CHN,2018,5416.6,6122.0,0.2994837805530095,0.4624097149833587,0.1838779641327419,0.2089143213221587,0.1112062846522632,0.2432478108157727,0.1352512421896509,0.2893078808301453,0.1754576311239674,0.360956829957196,0.2302640052120068,0.3982532252813761,0.2691792737716321,290.8,16.25,6.5,2.87,31.3,10.98,70.4,16.86,116.6,22.27,66.0,27.35,5484.1
CHN,2019,5629.8,6265.1,0.2951143260920301,0.4681297328359461,0.17945466499519,0.1923294869291784,0.1049842479177604,0.236913502011325,0.1299394911362743,0.2887157573428202,0.16935156258354,0.353857426450996,0.2245821639267469,0.4069701531509402,0.2702749404759343,153.2,16.63,11.4,2.19,5.7,11.32,39.7,16.33,2.6,23.61,93.8,28.68,5416.6
CHN,2020,5742.1,6296.1,0.2934055939664554,0.462637058353551,0.1787978186265012,0.2075362419446341,0.1094646534758925,0.2247640595008589,0.1262693015266875,0.2954304878297312,0.1735032867670157,0.3420436077254143,0.2195310792349283,0.4000890356983853,0.2669139381782539,300.8,16.48,33.9,5.22,40.7,10.99,19.5,15.28,54.6,23.81,152.1,26.67,5629.8
CHN,2021,5810.6,6317.5,0.3029261339820581,0.4733708776508208,0.1866947581533229,0.2247743054641997,0.1194851401160327,0.2396278808235111,0.1346341503741462,0.2838018170581822,0.1735960651851475,0.356642383783155,0.2283976144923473,0.4130430951672579,0.2793178501950797,212.2,16.84,46.4,6.99,28.5,10.35,36.9,15.21,39.8,22.54,60.6,28.47,5742.1
CHN,2022,5855.4,6381.3,0.2995319273216028,0.4824038457206353,0.1864009568325635,0.1882368779619601,0.1031062374872462,0.2455600106436966,0.1382534781561459,0.3060284987654438,0.1872929360557695,0.3351083914787057,0.2181160804158435,0.4261002077344109,0.2873358259503913,103.6,16.03,1.5,1.96,21.0,10.09,11.8,16.37,10.7,21.01,58.6,29.81,5810.6
CHN,2023,5781.1,6418.1,0.2984450861259754,0.463681181623265,0.1818947763447681,0.2124152079874416,0.1138251155095957,0.2346802250470506,0.1327856082545332,0.2880339107139796,0.1706274021297723,0.3499589372140002,0.2224886464806943,0.4103002128258525,0.2716633753081173,348.5,16.19,26.1,4.03,19.8,12.05,89.6,16.0,153.3,21.4,59.7,26.63,5855.4
DEU,2002,6905.6,6251.5,0.6406955857477635,0.8193493037559404,0.3955900580501124,0.5350438866989944,0.2571083276740012,0.5486011857328045,0.2996720580388872,0.6289153684971018,0.3918396022255321,0.7480419141709729,0.5237823880243556,0.7439911783587986,0.5062796946833081,259.6,10.12,55.3,4.46,27.2,5.11,46.7,7.96,63.1,14.97,67.2,17.74,7882.7
DEU,2003,6498.5,5764.5,0.546383985189768,0.7981545250200608,0.3395483887531189,0.2672433334888421,0.1389887355053601,0.4567127145122937,0.223429586890506,0.5753404985790831,0.3490880824866006,0.7179573396904572,0.498622329182309,0.7156560796314108,0.4882608230723291,117.0,8.79,10.8,-3.22,14.9,4.12,25.0,7.98,36.7,14.55,29.6,19.67,6905.6
DEU,2004,8171.6,7355.3,0.6020724028895381,0.8075899530901149,0.3769677880542171,0.41540220367775,0.2073715020904996,0.5156301091259533,0.2660582880362662,0.6500867433543275,0.4074957648749553,0.7231768301132556,0.5066748215172642,0.7074340158310019,0.4981092493792962,211.1,8.95,42.4,2.19,27.6,4.11,31.0,9.69,52.9,12.47,57.2,16.1,6498.5
DEU,2005,7465.1,6723.2,0.5725839915327761,0.8054303365814227,0.3595989576432792,0.2481116273068487,0.1336332153936311,0.4977769988617483,0.2568827492274294,0.6561495849505506,0.4074929827125006,0.7242707062322185,0.4972278228884012,0.7380704430820212,0.5036298810932077,167.4,8.62,36.3,-1.15,31.2,3.37,18.0,9.4,58.2,13.62,23.7,17.2,8171.6
DEU,2006,7200.7,6486.6,0.5252521050593719,0.8019692010486471,0.3327576787127228,0.2915884661182846,0.1622746269162282,0.3062038056101039,0.1607512073251586,0.5890982258648632,0.3505907340357895,0.6958049150881433,0.4880131209733198,0.7446334076184906,0.5028082845790098,219.7,8.1,37.9,-0.96,49.0,1.14,43.8,8.28,57.5,13.66,31.5,17.83,7465.1
DEU,2007,6961.1,6182.9,0.6544805581319167,0.8112901861519365,0.4138385729665184,0.5406618864480485,0.2909312328857968,0.6017400801909962,0.3355165820721523,0.6899348970663419,0.4463470725117277,0.751398028324668,0.524106836267153,0.6902223052927657,0.4732556893451803,313.0,11.13,44.4,3.55,59.0,6.29,6.4,10.97,108.8,15.31,94.4,19.02,7200.7
DEU,2008,8087.3,7118.8,0.6207669757503719,0.7962932130142011,0.3874393020471137,0.5100507819981728,0.2465239948578803,0.5196871435633783,0.28751285368568,0.6348538293502312,0.3957414256394727,0.7214844792690636,0.5062731793239811,0.7192610453191678,0.5020130996622851,208.4,9.78,16.1,3.48,57.8,4.28,81.2,8.11,13.7,14.84,39.7,18.01,6961.1
DEU,2009,7809.1,7201.4,0.5935376254733282,0.8127628323946399,0.3784341475806282,0.321295741163116,0.1710896111887591,0.4914157069131969,0.2574887696898738,0.675900329652127,0.4304808697981977,0.7505505730049832,0.5201230283680552,0.7296479454031892,0.5137271467862132,231.2,9.42,47.4,0.04,46.5,4.5,17.9,12.11,65.0,14.19,54.3,15.63,8087.3
DEU,2010,7212.0,6685.2,0.5314873001995245,0.80171350059355,0.3412505319307234,0.1969119770177344,0.1063720982536377,0.402524376189063,0.2265986677224597,0.6057508330894215,0.3605752131685636,0.7103301886494485,0.4911408626463655,0.7430881496364701,0.5223923977910842,238.9,7.67,31.2,-2.92,45.1,3.93,13.8,8.58,126.2,10.98,22.7,17.09,7809.1
DEU,2011,7013.9,6458.3,0.601944723703111,0.7980755931369414,0.3678460001623436,0.4520896317151925,0.2119305229116564,0.4787877220259736,0.2485086196988408,0.6541585685457648,0.4126742199487785,0.7105446903571977,0.4850911684399134,0.7155707334078104,0.4819327752565012,148.0,9.38,21.5,-0.75,17.2,3.92,25.1,11.57,22.6,13.94,61.5,17.57,7212.0
DEU,2012,7331.2,6964.9,0.580574798494389,0.8081407821351102,0.365620606079494,0.3469032343493052,0.1846659286939707,0.4976725749982952,0.2523552971895622,0.6011749906034627,0.3665389357401608,0.7276125123546741,0.5048433475847781,0.7307149511656852,0.5204546874269328,199.7,8.74,25.6,-2.6,11.6,6.9,21.3,8.45,57.0,14.63,84.3,15.83,7013.9
DEU,2013,7997.9,7318.0,0.5404997727529742,0.8110211790111415,0.3446927162695191,0.3193265251469591,0.1714853404449988,0.3308275508018543,0.1866515264822459,0.589546011191438,0.3411663040371008,0.7162344445763895,0.5008379289116281,0.7477411248870165,0.5240174529650947,287.1,7.07,42.5,-1.06,42.0,-1.58,32.2,7.91,111.9,12.97,58.4,16.64,7331.2
DEU,2014,8629.6,8050.3,0.6544335161177675,0.8058734655923081,0.4143405897138931,0.5395874210412853,0.2716446613254721,0.5922907241845528,0.3361608224350301,0.6975546510445023,0.4713900484181548,0.7340629617203825,0.5069294376124631,0.7098645404451549,0.4863303274265358,211.5,10.52,20.1,3.18,12.3,6.9,25.7,11.84,109.7,13.43,43.8,16.77,7997.9
DEU,2015,8087.7,7497.8,0.6172368302740624,0.7999793556082582,0.3920738582659937,0.4464082858459265,0.2367882185947012,0.532248847508115,0.288505997735094,0.6554999003631073,0.4143988504582936,0.7242380332576943,0.5176918368707303,0.7291557385349848,0.5037667003912717,142.7,8.77,13.2,0.35,38.5,5.06,30.8,8.5,22.8,12.87,37.4,16.5,8629.6
DEU,2016,7640.9,7182.1,0.6353467582205302,0.8139140293033895,0.3993650546375319,0.485205015495264,0.2651249374109761,0.5493862084311686,0.2936747345925279,0.6786562347364324,0.4221492051720494,0.7307225900428679,0.5114449287904875,0.7343946191352492,0.505383878794696,206.4,9.78,51.0,2.84,31.1,3.95,28.9,8.41,26.5,14.69,68.9,18.81,8087.7
DEU,2017,7644.3,7269.9,0.6240094964387194,0.8148561332915896,0.3876915007754881,0.4473505033870987,0.2164594877583745,0.5465474925868936,0.2855577106084154,0.652089557567638,0.4151817374093882,0.734250367388205,0.5079427441220268,0.7408838982622569,0.5139534082645418,242.0,10.0,40.5,1.41,49.9,6.76,29.9,7.95,47.4,14.78,74.3,18.5,7640.9
DEU,2018,6673.7,6178.9,0.6020475301389199,0.8013345918199033,0.3815278051622024,0.4444744250521857,0.2445856887440037,0.4768424887183222,0.2482370937506754,0.6662338676679246,0.4264536149744705,0.7377987416829983,0.5211206089177253,0.686160975583542,0.4680406624398605,164.5,9.53,9.0,-2.0,59.7,1.15,43.4,12.64,26.0,16.44,26.3,18.7,7644.3
DEU,2019,7396.4,6952.0,0.6398059619784442,0.8006468230271556,0.3980276255062053,0.5211310259810752,0.2605439272702219,0.5748964838074415,0.3285972041121969,0.6655497770008039,0.4209850764045698,0.7247455800721475,0.5011016359974294,0.7138229678090331,0.4795178839734356,197.0,10.85,20.6,3.38,61.4,6.81,21.6,9.73,47.8,12.11,45.5,21.79,6673.7
DEU,2020,7819.5,7133.3,0.6422716618027139,0.7957317913976565,0.4004205621396244,0.5321678380815617,0.2787246884243098,0.5905178757726092,0.3320095369636798,0.6535750805974035,0.4121442967073631,0.7075888966978703,0.4908138882409096,0.7285384789861903,0.4890040245017961,216.7,10.27,76.2,5.31,31.1,4.98,8.4,10.04,40.9,12.19,60.2,18.8,7396.4
DEU,2021,7301.5,6998.1,0.590019528052463,0.8047286612063014,0.371380621511489,0.3557267390318795,0.1909348203740171,0.5548089825507524,0.29806094516223,0.6048600582718425,0.3746028967269982,0.7030441640767319,0.4751192416504565,0.7325811470263888,0.5187604114427412,249.1,8.68,49.8,-0.45,28.5,5.06,32.9,6.29,81.2,11.65,56.6,20.27,7819.5
DEU,2022,7577.3,7126.1,0.6205693137449566,0.7926310801496271,0.395887484447178,0.5286069716150583,0.2706779466955212,0.52019773157501,0.284017963765365,0.6349879808740767,0.4061818146629867,0.7237387892738144,0.5312339064870445,0.6967036370549907,0.4882374504559955,152.9,10.58,47.8,4.54,6.3,4.45,29.1,8.15,37.7,15.29,32.0,20.12,7301.5
DEU,2023,7431.8,7007.3,0.6433378378264614,0.7955827771744048,0.4063275734635497,0.572227002219015,0.2993999834707287,0.5602036756684073,0.3237015552465606,0.6722579842915621,0.4249478109534579,0.7211992512776475,0.5071827456538557,0.6917974220291822,0.4770368996351748,265.1,9.91,45.3,3.02,72.9,5.5,47.7,7.89,14.0,13.55,85.2,19.16,7577.3
EGY,2002,6434.5,7445.6,0.1171806373240874,0.131437350262548,0.0925002019736459,0.1249391941862767,0.0971770224190664,0.1200367767570593,0.0944211608893292,0.1157142557591799,0.0915233148434281,0.1120346145614302,0.089085809030475,0.115782449089727,0.0914606496660831,34.2,20.58,27.4,14.53,1.6,16.86,3.0,19.77,2.2,24.14,0.0,27.2,6358.0
EGY,2003,6500.1,7515.4,0.1188330671861232,0.1322567060671767,0.0939604389184883,0.1236330267437452,0.0969862163083508,0.1240742957374058,0.0974996306970415,0.1188454305516669,0.094519471816824,0.1131457001473486,0.0899570922617573,0.1171279040755472,0.0921532712058145,31.6,20.39,16.4,13.04,14.6,14.87,0.7,19.86,0.0,25.66,0.0,28.01,6434.5
EGY,2004,6556.7,7556.2,0.1181640985484941,0.1316114767859645,0.0934085433328489,0.1234807143909374,0.0969565452922657,0.1235650106264332,0.0970570193258965,0.1176219402189971,0.093069703076736,0.1108415991666509,0.0884293092205269,0.1176618504127287,0.0925915575292459,27.4,20.44,24.1,14.24,2.2,16.97,0.3,20.18,0.8,23.84,0.0,26.76,6500.1
EGY,2005,6492.9,7536.9,0.1196784272624099,0.1336947725906184,0.0942321045439273,0.1245705188972433,0.0969597439229798,0.1256613301611275,0.098142140252413,0.1179528888576687,0.0936123543845118,0.1147067584775984,0.0909887329370319,0.1171732343438719,0.09216929932961,16.2,20.34,5.5,14.03,6.5,16.89,4.2,20.06,0.0,23.65,0.0,26.67,6556.7
EGY,2006,6430.3,7500.2,0.1197051464388545,0.1332531675199616,0.0945981092881759,0.1235930123403145,0.0972672506309442,0.1247390437961664,0.0981564097208217,0.1200990024275592,0.0948345264361727,0.1148470131221014,0.0909567602415182,0.1165064863994359,0.0923462258058687,30.4,20.54,8.9,14.21,12.8,16.87,8.6,20.55,0.0,23.43,0.0,27.25,6492.9
EGY,2007,6467.3,7418.5,0.1194322366529245,0.1332508348636795,0.0946433329362299,0.1252241275524599,0.0976589188292788,0.1227715671683026,0.0975200881067804,0.1196361927153897,0.0952069775312111,0.1132632146302561,0.0901915113578401,0.1181423356255526,0.0934982473083099,31.2,20.65,16.8,14.27,3.8,16.61,5.7,19.37,4.8,24.63,0.0,27.93,6430.3
EGY,2008,6503.1,7452.2,0.1192226338873907,0.1332262257096719,0.0941744444620325,0.124718570059733,0.097034815563167,0.1254567041922247,0.0986412987379515,0.1178937186645857,0.0935566296887576,0.1131921625962022,0.0902214475341365,0.117172147110997,0.0924028887099894,17.3,21.39,16.2,13.26,0.8,18.94,0.2,21.46,0.0,24.3,0.0,28.69,6467.3
EGY,2009,6382.9,7158.3,0.1183393023633913,0.1317348742113941,0.0937861693802894,0.1224170123387157,0.095982342637188,0.1231276644389996,0.097226577867267,0.1173126967607255,0.0935845762417882,0.1139955234633699,0.090637808847608,0.1170618080487274,0.0924931306932271,34.3,20.63,30.0,14.71,2.9,15.59,1.2,20.29,0.1,23.41,0.0,28.85,6503.1
EGY,2010,5574.1,6504.3,0.1191781986736628,0.1328137340612985,0.0943654617854691,0.1238560377068184,0.0967610527272798,0.1214854108700116,0.0960600482122833,0.1185193479795406,0.0941972050206384,0.1146230972934323,0.0912507517178992,0.1186974496154886,0.094105788533705,7.9,21.92,7.1,16.55,0.6,18.34,0.2,21.38,0.0,24.8,0.0,28.19,6382.9
EGY,2011,6542.8,7246.3,0.1216113183960921,0.1355185698304201,0.0963635069089024,0.1264599679003671,0.0986325112938151,0.1263995000848015,0.0997582096549845,0.1213516287051481,0.0964575839346486,0.1167860697195668,0.0933065684436907,0.1186998726667943,0.0943239100825427,29.5,20.28,6.9,14.76,5.5,16.44,17.0,19.74,0.1,23.45,0.0,26.65,5574.1
EGY,2012,6582.3,7269.0,0.12089401393841,0.1346705509109204,0.0959189936455898,0.1249332555597485,0.0982217775692116,0.1264448294527857,0.1006242511912458,0.1213169665261985,0.0964660355015291,0.1145871948678902,0.091342553084288,0.1179525100601912,0.0932844653962606,25.1,20.52,14.5,12.91,9.9,15.0,0.1,20.96,0.6,25.18,0.0,28.31,6542.8
EGY,2013,6668.2,7285.3,0.1201892844244756,0.1343788691706886,0.095356842296735,0.1258700130186585,0.0990180215186247,0.1244979858625607,0.098253325585205,0.1193484425744039,0.0950282629467232,0.1141385329206031,0.0909681921338555,0.1187378203651889,0.0942251441982464,12.8,21.47,3.8,14.68,0.0,18.32,0.2,20.26,8.8,25.93,0.0,27.68,6582.3
EGY,2014,6175.2,7085.0,0.1212037012074376,0.1362839021644227,0.0955710854555849,0.1258620191186265,0.0983434644792267,0.1261469428722884,0.0988529327115681,0.1206795568784081,0.0955252748255852,0.1153242992364173,0.0913854050666843,0.1194212716897005,0.09432992075314,36.1,21.19,25.2,14.71,6.0,17.26,0.7,21.2,4.2,24.72,0.0,27.66,6668.2
EGY,2015,6591.9,7117.3,0.1200630979520381,0.1341293693757587,0.0948777316011231,0.1239891125002535,0.0966907545117025,0.1247293215733852,0.0978189407207475,0.1198344822117113,0.0951946123363821,0.114802731693678,0.0913349255934859,0.1183093869550288,0.093884668182822,75.9,20.0,22.4,13.33,4.3,16.98,47.4,18.78,1.7,24.1,0.0,26.31,6175.2
EGY,2016,6631.1,7251.5,0.118825558792394,0.1348915539717084,0.0938251688063781,0.1258657385648584,0.0981995665777706,0.123194160526843,0.0968483962994702,0.1164593462393569,0.09243215582751,0.1118313976873031,0.0888485206058536,0.1181128999538611,0.0933801910916965,12.6,22.09,4.3,15.78,6.2,17.52,2.0,22.94,0.0,24.62,0.0,29.43,6591.9
EGY,2017,6859.7,7400.6,0.1209947307097137,0.1366149654674908,0.0956792127621164,0.1281835792832347,0.0999843051558071,0.1265403823387185,0.1002033601167114,0.1189217493851143,0.0944201407588981,0.1147327174741665,0.0911012977679987,0.1177235134023864,0.0932162630517643,99.4,20.47,8.4,13.31,0.4,16.57,80.3,19.4,0.1,24.41,10.4,28.2,6631.1
EGY,2018,6294.2,6776.0,0.1191682819746731,0.1346495447448299,0.0941342550603811,0.125526489961533,0.097910793658885,0.1236542252922271,0.0969641957723493,0.1159501036589097,0.0923149265176395,0.114127182986147,0.0906130459629426,0.1174641612200896,0.0932371712727204,14.2,22.25,10.9,15.47,1.1,19.0,2.1,21.87,0.0,26.08,0.0,28.35,6859.7
EGY,2019,6500.3,6043.8,0.1204750688676286,0.1358623876176206,0.0953354769132468,0.1252843582474794,0.0980777485083918,0.1260589172297721,0.0993759339221514,0.1190332226494942,0.0943889311942437,0.1148386093419872,0.0915304266367571,0.1179248709240445,0.0936099411317681,37.2,20.66,10.6,13.41,22.9,15.78,3.6,19.16,0.0,25.88,0.0,28.58,6294.2
EGY,2020,6366.3,7167.4,0.1205813943101251,0.137555204895576,0.0957280068818949,0.1276443956989193,0.0999130352235082,0.1242994850965337,0.0982770714137766,0.1186621948014834,0.0946180024360928,0.1152130217282858,0.0922578628552595,0.1183192180358467,0.094067074924598,198.4,19.82,23.5,13.83,72.0,16.09,102.9,18.82,0.1,23.17,0.1,27.02,6500.3
EGY,2021,6850.5,7340.5,0.1210871078173126,0.1372844277888928,0.0963668539344601,0.128275577989124,0.1007343278672412,0.1251221382637784,0.0991211539819899,0.1197688256924038,0.0961681254759138,0.1158625993206045,0.0927435085416079,0.1179939873824868,0.0936786911401421,219.2,20.66,45.5,14.77,172.6,15.66,1.1,19.21,0.0,25.95,0.0,27.3,6366.3
EGY,2022,6698.9,7080.3,0.1208270418344345,0.1375775284868543,0.0960209474154205,0.128823781810816,0.1006173843209196,0.1257908997551903,0.1001814862174616,0.1197792565464444,0.0955272707544597,0.1148902597927486,0.0918799950806595,0.1173317792978309,0.0929398950293931,75.8,19.93,13.6,12.78,62.2,13.45,0.0,20.29,0.0,24.29,0.0,28.44,6850.5
EGY,2023,6776.9,7402.2,0.1227862752553362,0.1405250711960964,0.096858595453431,0.1309601382428487,0.1025465953629056,0.1299304431409946,0.1016955670374534,0.1209196077946311,0.0962095923787054,0.1153138525364125,0.091125287263517,0.1198187006653496,0.0940254176279833,82.1,20.85,45.2,13.3,18.7,17.59,14.7,20.48,0.6,24.36,2.9,28.02,6698.9
FRA,2002,7445.5,7453.0,0.6327486011890773,0.7886621035354732,0.4191903026980717,0.5356157160146061,0.2960830707071412,0.5712017184723337,0.3502303506844755,0.6353697625154847,0.4324294497498308,0.7212041785740645,0.5200471860009157,0.7027662608141683,0.4987842007377331,241.4,10.32,61.7,6.11,55.0,7.31,10.8,9.29,52.9,12.29,61.1,16.37,6616.9
FRA,2003,6250.0,6125.3,0.6014816109904777,0.7825273777644574,0.3939949333999237,0.4573256445527441,0.2405399329139607,0.5351048499041259,0.3166634966741068,0.6349669152065641,0.4224060388597551,0.7081431600213904,0.5169398459279536,0.6738669892553173,0.4746698479154747,166.7,10.35,24.6,1.89,10.5,7.75,26.4,9.41,51.5,12.94,53.7,19.18,7445.5
FRA,2004,7578.8,7518.7,0.6236643419223584,0.7837663784327787,0.4139445862672013,0.5322864255699024,0.2949508880790858,0.5544812935614089,0.3342824634782144,0.6387002875631427,0.4374822109730438,0.7134471498588888,0.5211900389356661,0.6822031903192125,0.483670094870209,145.3,9.6,9.2,3.57,30.7,5.31,50.1,9.37,36.0,12.4,19.2,17.2,6250.0
FRA,2005,6988.7,6965.4,0.6013851271568502,0.7832008532597877,0.3978423534043899,0.4384282355167879,0.2397599894357941,0.5291610112950064,0.3107269157860709,0.6487747895398907,0.4461551234236536,0.7111506623013123,0.5191224747388922,0.6817803938038297,0.4749933531691905,266.2,9.81,27.8,1.91,44.3,6.04,58.1,9.77,72.8,13.01,63.3,17.82,7578.8
FRA,2006,6741.4,6800.5,0.5973092222055568,0.7781694855105807,0.392413968745619,0.4497856472359665,0.2460268517209062,0.5326784361281631,0.3066648129661466,0.6361063862416817,0.4266544312609845,0.7009818035674268,0.514614688157278,0.669014889880973,0.4694611105062199,257.9,9.33,51.6,1.66,87.8,4.64,24.5,8.97,60.1,13.34,33.9,17.55,6988.7
FRA,2007,6254.2,6520.6,0.6533421618429671,0.7980902282440918,0.4326681557829493,0.5769865516434738,0.3312823033248274,0.6166763374295697,0.3744986778287349,0.6906795132252566,0.4767892229633217,0.7214738077659588,0.5218843698354285,0.6632757691466948,0.4605069712612086,315.0,11.22,73.6,6.48,53.1,6.43,19.2,12.82,73.4,13.73,95.8,16.39,6741.4
FRA,2008,7101.8,7252.8,0.6173465668513034,0.7936678074719198,0.408060669606718,0.5076335215553937,0.2696794931776782,0.554835494848483,0.3300089434178008,0.6407344394145451,0.4339624796933021,0.6745804623292916,0.5031384825968028,0.711150749684228,0.5049885991582288,283.7,9.83,49.7,4.56,81.4,5.63,58.1,8.05,70.0,14.88,24.5,15.84,6254.2
FRA,2009,7447.8,7412.4,0.6070379916238489,0.7919144086323513,0.4082534449979694,0.4331874067455428,0.2372194232544103,0.5210944647685752,0.3127393468281441,0.6530544423085382,0.4478494534957555,0.725979583176172,0.5378860579360412,0.7038785570510842,0.5069559877443927,240.0,9.8,39.2,2.45,29.8,5.81,48.0,10.54,63.0,13.47,60.1,16.24,7101.8
FRA,2010,7040.5,7068.6,0.5979504079148082,0.7820589943294622,0.394143377331495,0.4473832809058144,0.2456301124221249,0.5167284466796083,0.3057754245191605,0.6185047265025045,0.4116535256512464,0.7019997819566638,0.511239378503965,0.7070806272781004,0.4976827773860406,216.8,9.01,56.7,2.02,49.6,5.13,18.2,9.27,37.1,11.42,55.2,16.77,7447.8
FRA,2011,6656.3,6919.3,0.6287677367352837,0.7816297160089376,0.4131132574204351,0.5234426204622848,0.2819773448398163,0.5856800820690692,0.34721041480888,0.69519293659739,0.49283423337814,0.6887320103944279,0.503475629043365,0.6528722835593271,0.4415046765221191,152.3,10.9,31.3,4.8,24.4,6.97,12.3,12.33,15.8,13.76,68.4,16.27,7040.5
FRA,2012,7151.2,7254.5,0.6050510321632699,0.7927684903115751,0.4015507199347604,0.4460231130448533,0.2474523296776976,0.5493904767277533,0.3239767387966663,0.6201629704100153,0.4138336662154682,0.7184590738215172,0.5217262792089382,0.6933189893126023,0.50214686408119,293.2,9.09,12.8,0.07,19.2,8.21,95.3,7.53,65.6,13.67,100.2,15.53,6656.3
FRA,2013,7265.6,7084.8,0.5898418384819384,0.7860841050214221,0.3908732998462178,0.4577924468727622,0.2568309588375493,0.4993507213108294,0.2971541905058269,0.6268648444941992,0.4087700534163377,0.6670095398094985,0.4885723464053604,0.7003617251143471,0.5045273537668751,328.7,7.78,52.0,1.37,56.9,3.2,51.4,8.01,91.4,10.7,77.0,15.24,7151.2
FRA,2014,7353.0,7579.1,0.6383516403838935,0.7869696789279621,0.4246365067122058,0.5423266944948486,0.3121438443406965,0.5838329279849231,0.3593313977607832,0.6731114413630594,0.4584338164691481,0.7131779463730837,0.5188853822487552,0.6812259209126427,0.4757257625048688,308.6,10.48,67.1,5.51,19.3,7.7,60.6,10.57,96.9,12.18,64.6,16.12,7265.6
FRA,2015,7800.8,7590.5,0.6274568811334231,0.7944605870208391,0.4174330643831751,0.4984868642845635,0.2789433059668234,0.5664686129163534,0.3356409900174307,0.6696872271786964,0.4584034027639685,0.7248279749526515,0.53708413818787,0.6799619162489897,0.4785683850088306,195.0,9.77,45.7,2.43,32.1,6.4,44.1,10.38,56.2,12.54,16.8,16.62,7353.0
FRA,2016,5289.6,5690.9,0.6381409056432709,0.8011092498966668,0.4241195365825219,0.5517437592018332,0.3222632700702306,0.5768777796554141,0.3532104523156746,0.6759879664642259,0.4500532313385277,0.7010875354998853,0.5167711072548381,0.6868321553045937,0.4795959956943319,415.5,9.41,62.9,4.52,87.5,5.21,54.0,8.13,131.6,13.01,79.6,16.03,7800.8
FRA,2017,7253.8,7306.7,0.6460112429094229,0.7979332202654977,0.4253454696882928,0.5252384949189578,0.2815208096694423,0.614771364329424,0.3729636555748918,0.6763379076076,0.4703339386099259,0.727777644865118,0.5274680090743278,0.6879605387126698,0.475925977656164,269.6,11.33,41.4,5.29,72.3,8.82,18.4,9.0,82.2,14.36,55.3,18.79,5289.6
FRA,2018,6768.0,6829.1,0.6298220165273172,0.8024624974802228,0.4181111977231186,0.516727236823331,0.2987982372710873,0.553133404214066,0.3287951182844244,0.674690700462258,0.4584758197788784,0.7203768951057001,0.5279089454147843,0.6860122739517406,0.4778609323817974,342.9,9.95,46.7,0.3,87.1,5.33,68.5,11.43,60.1,14.31,80.5,17.74,7253.8
FRA,2019,7742.8,7491.9,0.6442108487187154,0.7991249960100452,0.4234487088134708,0.5347170596921959,0.289277271512424,0.5998627566142335,0.3652626030170312,0.6660009056154248,0.4609532733463554,0.721600063150775,0.5139540950277062,0.7006807444849171,0.4890782253645211,242.3,10.48,33.0,5.0,57.2,7.91,27.2,9.64,67.7,11.94,57.2,17.59,6768.0
FRA,2020,6677.6,6394.9,0.6505595721613004,0.7888604795065822,0.4308046035285975,0.572106085821481,0.3176776449461334,0.6058260998231647,0.3735218850988008,0.6815925940231939,0.4676418587360859,0.7120955485362939,0.5159548281856355,0.6828756076690935,0.4805039629954867,269.1,11.23,91.4,7.01,59.7,6.67,34.0,12.5,43.1,13.67,40.9,16.24,7742.8
FRA,2021,6928.4,7171.3,0.6253877239058996,0.7972732084791583,0.4154242346147144,0.5082304557684195,0.2895110706591072,0.5929966247762753,0.3646106589516514,0.640929667089002,0.4261914727731281,0.6987667764138747,0.5087304302090603,0.6877319276440876,0.4893858014020918,314.0,9.57,42.9,4.57,25.8,6.43,29.2,7.53,90.2,11.24,125.8,17.78,6677.6
FRA,2022,6996.7,6654.9,0.636865101355872,0.7888951973660209,0.4186979700911527,0.5563654561289065,0.3032586679333629,0.5840433474716482,0.3527754177123642,0.6672245687219445,0.4596192677079244,0.7092722292446649,0.5215680031334802,0.6694434786068463,0.4577456468377547,208.1,11.56,27.9,5.71,28.9,7.97,45.2,9.97,22.6,15.25,83.5,18.5,6928.4
FRA,2023,7201.6,7274.0,0.6484675304988401,0.7970261148976311,0.4359657749999405,0.5785431360301433,0.3310904006362036,0.6125887485687214,0.3930438368759289,0.67841820792181,0.4675532278790956,0.7083578100114127,0.5279299575715956,0.666370908577159,0.4616782506019273,213.2,11.19,4.4,4.67,65.1,7.66,57.9,9.29,48.3,13.89,37.5,20.03,6996.7
GEO,2002,1698.4,1860.1,0.4261841441046342,0.7497179317150109,0.2598049468072377,0.2106837679925186,0.0950077902998376,0.2658442531362991,0.1227833698469206,0.3763882587135216,0.1974422971677082,0.5761338556376753,0.3796963916873998,0.7006972681918138,0.5021818947656245,275.7,7.52,29.6,-0.11,42.7,3.84,86.9,5.77,38.4,10.97,78.2,16.61,2688.3
GEO,2003,1934.7,2136.9,0.4106562508782276,0.7614048428444254,0.2579182768313953,0.1733309010589837,0.0859735458809239,0.1860925292225227,0.0927986010087132,0.346424434234241,0.1793335214156036,0.6201851783216813,0.4046346332823543,0.719565665973875,0.5197794262888948,299.0,5.52,47.9,-4.04,71.8,-2.42,52.3,5.13,68.9,13.09,58.1,15.2,1698.4
GEO,2004,1816.5,2003.4,0.4348265845712392,0.7589141318176644,0.2689565084667877,0.1715546162277691,0.0847115416262042,0.2542465163662022,0.1213482168734964,0.4141052138684916,0.221420103468682,0.6235844093382831,0.4110310540590835,0.7083059523270304,0.503688466518995,266.3,7.39,19.5,-1.9,56.3,2.89,70.0,6.48,61.3,11.98,59.3,17.18,1934.7
GEO,2005,1988.9,2011.6,0.4342880102506281,0.7604096898252252,0.2744770872038139,0.2046726856626521,0.0947086802267,0.228464016937357,0.1115524513400246,0.3847632149119006,0.2205798372970935,0.6359282947425099,0.4317693394469392,0.7123028318066115,0.5075734467362373,262.6,7.08,27.5,-3.84,28.6,1.25,61.3,8.19,80.2,13.18,64.9,15.87,1816.5
GEO,2006,1246.9,1583.8,0.442187030359733,0.773550742875733,0.2775679581493446,0.1338940372848933,0.0651626386362433,0.2876409127590081,0.1399832475289217,0.450892471937503,0.2654218150107683,0.6540910002090822,0.4375500619816079,0.6798436935866367,0.4752861555747971,279.0,8.46,48.2,-2.29,30.8,3.02,100.6,8.12,81.3,12.68,18.1,20.12,1988.9
GEO,2007,1668.2,2114.5,0.4257302586365984,0.7816324514131667,0.2669144814266748,0.2017398029942591,0.0951665717006313,0.2452743831484873,0.1159323127822494,0.3385701064330241,0.1834045701590889,0.5948135660210025,0.4055669718669366,0.7447977192668402,0.5303226287640728,232.6,7.06,26.6,-2.1,36.4,1.02,92.8,4.24,13.9,14.14,62.9,17.34,1246.9
GEO,2008,1683.4,2090.4,0.442588574117607,0.758654320282663,0.2819994672781079,0.1352693592245752,0.0667612890717731,0.2654666992808245,0.1354780424306298,0.4707080134190591,0.2921037267138344,0.634915168417433,0.4284151858285207,0.7036092832732284,0.4840074069813663,243.7,8.21,13.8,-4.82,10.8,6.81,36.4,11.19,113.4,11.24,69.3,16.16,1668.2
GEO,2009,1073.7,1907.8,0.4437119863334293,0.7525943802720906,0.2714460440225977,0.255875567844861,0.1199661819453473,0.2823205879688756,0.1379377436498832,0.3866465292428049,0.2190863057902985,0.5843380148218288,0.3834856546488029,0.7083229320091045,0.4952328242383597,235.9,7.75,17.4,1.33,38.1,2.09,25.1,5.1,98.1,12.2,57.2,17.64,1683.4
GEO,2010,1018.9,1271.4,0.4806028660526614,0.7960311160200361,0.3056915421947761,0.2574639747392387,0.1208283350332549,0.3133314118830448,0.1516348636157872,0.4539248843541557,0.2651477698418072,0.6441143048967138,0.4500742826515145,0.7315801477853722,0.5383103364300073,322.6,8.36,18.7,-1.01,66.9,3.13,92.1,6.81,91.1,12.6,53.9,19.66,1073.7
GEO,2011,2068.4,2201.3,0.4179731772788359,0.7930364451611707,0.270688072531825,0.1442680106849952,0.072408059638995,0.2277978080766416,0.115303160467357,0.3601712874397237,0.193507456543751,0.6092607501743199,0.4161128921609964,0.7426662372939642,0.5514031679124205,382.7,5.8,52.4,-6.31,40.8,0.31,78.5,5.42,140.2,11.9,70.8,16.83,1018.9
GEO,2012,1698.9,2186.4,0.4218978585458531,0.780465803455997,0.2834465705216611,0.0965325438608355,0.0550915845207507,0.1790127585361646,0.0925908458908152,0.421956476581417,0.2395227919279375,0.6763566046931133,0.498469001436636,0.7260230881003868,0.5239732730713327,204.5,7.04,25.6,-7.56,16.5,-2.43,25.2,11.0,80.8,14.68,56.4,19.1,2068.4
GEO,2013,1836.7,2200.6,0.4908030888238464,0.7706191122030659,0.309536791883923,0.2588541751771174,0.1177134786838859,0.2997782949020094,0.1534786739177428,0.4875342196206328,0.2888392557564176,0.6825597755896177,0.4684555572511088,0.7221566530289462,0.5165587381878259,189.2,8.85,12.2,0.53,42.9,3.13,30.5,8.71,50.4,13.75,53.3,17.61,1698.9
GEO,2014,1353.3,2032.8,0.4834868755540762,0.7734378267933361,0.3028168384584009,0.233993749952835,0.1062569595135796,0.3073474636973161,0.1447163288004655,0.4673235147262829,0.2661110121129612,0.6715294381620297,0.4653669503541385,0.7340644950780862,0.5285834876583311,132.4,9.35,2.9,-1.39,17.3,3.74,19.0,8.85,49.0,16.16,44.3,18.61,1836.7
GEO,2015,2579.1,1959.4,0.4863971202347845,0.7939271809813293,0.2972485528773749,0.2817937432198551,0.12511512624123,0.3375304975587009,0.1626318139570709,0.439813315359863,0.2552689528835147,0.6391133421482674,0.4353278814486092,0.7326219685829658,0.5060534041514785,250.6,8.24,18.9,0.1,41.4,2.15,75.2,6.4,53.8,12.37,61.4,19.72,1353.3
GEO,2016,2573.2,2514.5,0.5022769948330066,0.7820777276032919,0.3094854888054147,0.281347843504501,0.1228117087971382,0.3570022805978609,0.1778514112478745,0.5067238279085995,0.2997082680687505,0.641524950793878,0.4357582599840935,0.7228286912110993,0.5090676298732251,222.2,9.07,14.6,1.33,47.3,4.04,32.8,9.29,54.5,13.08,73.0,17.4,2579.1
GEO,2017,2214.9,1976.2,0.4579976714865106,0.7758461369155029,0.287948353010174,0.1770464674939132,0.0882483526726703,0.303945313162249,0.1459820984683754,0.4550712457686663,0.2660856008850462,0.6267179727860872,0.416183242334754,0.7252835627778987,0.5208080538393114,236.0,7.69,11.1,-3.86,20.8,3.45,30.5,7.36,87.3,13.24,86.3,17.43,2573.2
GEO,2018,2473.4,2531.2,0.5240175542927014,0.8009884603691677,0.3287789765283686,0.2913670728373169,0.1342957894529,0.3730479285305263,0.1873749994918865,0.522944292912837,0.3158025456898135,0.6868721049114799,0.4724628048728979,0.742154932376454,0.5307926825519037,231.0,9.42,18.7,0.75,51.2,4.99,40.4,8.13,61.6,14.54,59.2,18.11,2214.9
GEO,2019,2334.1,2539.1,0.4775468985990293,0.789279283820582,0.3011402790088732,0.270905306859302,0.1221960519262791,0.2977709286836076,0.1484450770826679,0.4243784424095246,0.2409028680569422,0.6661250532611233,0.4675434461577117,0.7273259506287413,0.5244668665920654,256.4,9.04,16.6,-0.1,27.0,2.55,66.0,7.18,89.1,14.6,57.7,20.37,2473.4
GEO,2020,2202.2,2647.0,0.470841971157026,0.7817920899105893,0.2858849196203768,0.2225193932010517,0.1055188883295498,0.3129192888393584,0.1508132170737801,0.4363339411190892,0.2330006106458081,0.6532644170269323,0.4264324461851795,0.7268977335003413,0.5116668756705546,250.9,8.73,12.8,-1.05,44.9,5.05,73.8,6.0,90.5,13.75,28.9,19.52,2334.1
GEO,2021,2701.8,2750.4,0.4748395434098058,0.7863286050505263,0.2884876121274432,0.2547120268628563,0.1137641190435997,0.2575023976354635,0.128886061086968,0.4609217784373345,0.2633352049669015,0.6741525905938358,0.4507553255990802,0.7216637696783785,0.4810364257340422,229.1,9.27,27.6,0.37,43.9,-0.09,42.1,10.81,58.7,15.14,56.9,19.63,2202.2
GEO,2022,2850.9,2408.5,0.4517001671362748,0.7803244513550821,0.2860608005431879,0.2484409743727166,0.1199899544257233,0.2158359429952604,0.1120755679505538,0.4293105072064888,0.2443165900744039,0.6458339938241864,0.4415091449893623,0.7149361289279873,0.5088778498174934,393.9,7.64,5.8,0.45,84.1,-2.67,36.1,9.89,99.4,11.4,168.4,18.87,2701.8
GEO,2023,2639.1,2568.5,0.4829263236262597,0.7957556056998567,0.3069390176972068,0.1757605117643617,0.0871217416624603,0.3296511900533693,0.1657824260674669,0.5137470268688387,0.3061921164928037,0.6485041428936698,0.4444421059656672,0.7450448378210119,0.5291715154737772,347.5,8.8,26.2,-3.09,44.2,6.33,55.5,8.99,57.3,13.41,164.2,17.5,2850.9
IND,2002,2762.1,2225.6,0.343709511295498,0.4738046128133573,0.2076619561359962,0.4192895573343832,0.2395866627133741,0.3547219703344377,0.2062189222615141,0.3111322104366253,0.1850283228969124,0.3155759956455949,0.1957782091612465,0.3213367583018775,0.2138057442116671,83.6,29.17,20.9,16.01,14.6,23.69,5.7,30.88,16.9,36.64,25.5,37.7,2708.1
IND,2003,2610.0,2386.1,0.3250538656987838,0.4459476990332461,0.1959188226741609,0.3981296747839499,0.2291037260460607,0.3446530140516456,0.1993725448312974,0.3065167905022286,0.1822448753634051,0.2872043128068924,0.1795664515579767,0.2915401762017987,0.1909639965375791,146.9,27.84,64.8,16.15,17.3,21.12,4.7,29.67,7.5,33.89,52.6,37.59,2762.1
IND,2004,2713.2,2336.7,0.3530197042817522,0.4869256620087644,0.2128868223630777,0.4312462955350597,0.2442687787914014,0.3509235600791048,0.2023546337314995,0.3123745942043461,0.1883898921415875,0.3256573971980443,0.2041101791349244,0.3487055300980042,0.2276060679039311,130.5,28.75,7.7,16.87,0.0,25.24,32.2,31.52,30.6,34.15,59.9,35.52,2610.0
IND,2005,2601.6,2399.8,0.3396845551546911,0.4664848071671624,0.2043304422788174,0.4112911810226216,0.2364243278342145,0.3593336317098315,0.2067132054298975,0.3185490051231131,0.1900626416223629,0.3142386106747136,0.1963174066427009,0.2975268925682745,0.1936511101940885,207.1,26.89,50.5,14.33,54.1,22.03,10.8,26.69,6.1,33.28,85.5,37.25,2713.2
IND,2006,2618.8,2449.4,0.3591375113820799,0.4803893909559828,0.2180102497568297,0.4071373405007066,0.2346478746401844,0.3677174788012691,0.212373041131845,0.3249499689464734,0.1951258433746926,0.3401004822434603,0.2159402954692345,0.3587296698302405,0.2337065569190243,149.4,28.91,3.8,21.08,44.9,21.75,0.9,29.45,21.7,36.58,78.2,35.15,2601.6
IND,2007,2707.9,2581.8,0.3571721402690481,0.4830128221952288,0.2170729701975218,0.4208758570341159,0.2433334425250474,0.3669910733130672,0.2115570997925902,0.3292298414629068,0.1974216606006103,0.3298765113445257,0.2082043477388568,0.3427237763249695,0.2271264502697539,272.2,27.66,102.1,15.75,45.4,20.03,5.6,30.25,16.6,34.88,102.6,36.64,2618.8
IND,2008,2802.2,2644.0,0.3505003572813722,0.47634384427607,0.2131291620778977,0.4152657925859616,0.2393663382129522,0.3714947244521416,0.2157612861883412,0.3355976857252571,0.2023265750675851,0.3183871239129569,0.1994502838595535,0.3142533666131536,0.2101968985969035,319.9,27.1,5.5,14.84,0.1,25.46,38.0,27.93,67.1,33.39,209.3,33.3,2707.9
IND,2009,2907.1,2563.4,0.3329950464395399,0.4605891321878347,0.2006871482355228,0.4020904197179155,0.2311404072400021,0.338560296385999,0.195942430447919,0.3062131870522721,0.182905981736078,0.3169773538480031,0.1980232740418794,0.3041509208555115,0.1972456825369965,123.1,27.95,23.4,16.85,35.1,22.51,26.1,27.85,14.6,34.88,23.9,36.85,2802.2
IND,2010,2839.5,2666.4,0.3425711346201888,0.4860951134545552,0.2077877946559745,0.4251793730085479,0.2434098222365885,0.3442774423358938,0.2002473035683748,0.3058493526510801,0.1841568553109539,0.3069880944437824,0.1938053002181546,0.3333884522208546,0.2190135131361726,86.9,29.62,11.6,16.98,2.0,26.05,0.9,32.34,6.0,35.79,66.4,35.98,2907.1
IND,2011,2988.6,2885.2,0.3738857753511903,0.5140532959671974,0.2290655618187336,0.4516357176289951,0.2661278496330961,0.385558021997175,0.2254226714920521,0.3412017421103345,0.2055315902663614,0.3439286169401176,0.2174793353219419,0.3506063440553837,0.2328947315825094,192.5,27.49,28.2,15.64,7.0,22.67,21.8,27.59,15.1,35.82,120.4,34.86,2839.5
IND,2012,3177.5,2998.1,0.3473247604198179,0.477628086584134,0.2096876211991246,0.4244201203350727,0.2453050080858539,0.3536498385285202,0.2083956032469374,0.3293341782901597,0.1984127735973293,0.3209999217944141,0.1984575592530373,0.3121654633651089,0.2002405766312242,56.1,27.24,4.1,13.74,3.4,21.63,34.6,28.27,2.2,34.04,11.7,38.03,2988.6
IND,2013,3153.8,2969.9,0.3617391063708998,0.5066038545948442,0.2193975131382183,0.4433189859815161,0.2546597255319628,0.3835340545049733,0.2234980636994993,0.3209159900746887,0.1933495096832741,0.3219861255915061,0.2007597426191982,0.3424696943690636,0.2268372663265155,210.7,27.51,79.8,15.4,14.9,21.78,6.0,28.51,4.1,35.16,105.8,35.83,3177.5
IND,2014,3145.7,2990.6,0.3819624939494419,0.5198163056851991,0.2291565199520284,0.4628634335415617,0.2659158751923701,0.4068497289375894,0.2343560842690541,0.3418038659090001,0.2031188340675939,0.3509560641945205,0.2178900444737988,0.3513515347883773,0.2269225988021106,175.5,26.7,20.6,14.76,39.3,20.5,46.6,26.67,26.5,32.7,42.5,38.07,3153.8
IND,2015,2749.6,2852.4,0.382116441717364,0.524728156296684,0.2308222876984419,0.4457435073189695,0.260160087152928,0.3962922803129153,0.2277576105102442,0.3531274473725032,0.2109637385043732,0.3460154579811577,0.2174122698308397,0.3729025394085675,0.2399279122946116,316.3,26.45,49.1,16.46,115.1,19.56,40.0,26.98,21.1,33.53,90.9,35.07,3145.7
IND,2016,3033.9,3012.9,0.3506744751697059,0.4836275229186199,0.2118155617121074,0.4212849519876513,0.2459758977500288,0.3683558316434535,0.211539290293734,0.3149218873802874,0.1878391817832309,0.3285265302949564,0.2035994558728495,0.3224123200177008,0.2113830722862902,206.6,28.41,7.5,16.73,43.8,23.1,4.0,30.13,58.1,35.08,93.3,36.55,2749.6
IND,2017,3199.9,3127.6,0.3658422415759349,0.5179353382922665,0.2232639521937073,0.4461330448939655,0.2600010657908279,0.3741124943588125,0.2208062547542156,0.3275965456681438,0.1981250111397125,0.3415624898182315,0.2142723505794718,0.3434442531142813,0.2252965458228806,235.7,27.73,7.2,16.69,32.0,21.51,24.0,30.04,27.5,35.01,144.9,34.62,3033.9
IND,2018,3368.2,3301.1,0.3662477140245498,0.5073643851494517,0.2232397041641412,0.4354914320836348,0.2560946304998111,0.3781811166254125,0.2193774187450388,0.3377169764031218,0.2024165328005797,0.336804608355201,0.2117279080858206,0.3452831290638516,0.2279450162980276,223.1,28.1,23.4,16.77,7.4,23.56,19.3,29.47,10.0,34.57,163.0,35.33,3199.9
IND,2019,3533.4,3394.1,0.3649651423395923,0.4948051998406523,0.2221455484716274,0.4394783733917464,0.2598799545006225,0.3847885334950217,0.2264083563340626,0.3370516730216993,0.2029817458685821,0.3312221510703619,0.2064949415284921,0.3352631933782047,0.2167816848465461,198.5,26.48,82.5,13.82,15.4,19.32,26.7,28.81,28.5,32.77,45.5,36.85,3368.2
IND,2020,3439.8,3391.0,0.4141677949129199,0.5643410474024542,0.2525751162327931,0.4976729025548411,0.2917944312263462,0.4366943876551598,0.258002716959185,0.3711425738092748,0.2232216491717157,0.3710368096158831,0.2348062166575843,0.3984285674384661,0.2575408672243419,253.8,25.15,11.5,14.87,100.4,18.89,25.3,25.58,60.7,31.77,55.9,34.31,3533.4
IND,2021,3520.8,3527.9,0.3990370138322622,0.5602083252038396,0.2434060079457764,0.467613159930077,0.270604218428765,0.3844187743902944,0.2246426822248059,0.3498253574033784,0.210939012401972,0.3860826941706604,0.244198028084636,0.4097577675919398,0.2681748456141995,160.3,27.46,6.7,17.69,9.7,24.26,30.5,27.24,35.1,32.73,78.3,34.67,3439.8
IND,2022,3537.3,3564.0,0.3915216513294958,0.5453177853283463,0.2394073152731797,0.4861556008783342,0.2844647263985495,0.4059131034850333,0.2375961417510357,0.3596979637932945,0.2191042406436306,0.3550024079235731,0.225359086313703,0.3539779932416467,0.2324169568159537,142.3,28.23,39.6,14.35,2.3,23.67,0.4,31.59,35.6,34.74,64.4,35.84,3520.8
IND,2023,3520.7,3602.0,0.4016901741247528,0.5461675549750117,0.2420462290968555,0.4696578492347578,0.2742008736738086,0.4098496410677119,0.2374831342284863,0.3775311790266749,0.2235855374515324,0.395813153681896,0.2435865052075509,0.3593912671914977,0.2336551241934566,301.3,26.01,1.2,17.72,66.0,22.15,35.8,26.3,81.5,30.11,116.9,33.2,3537.3
IRN,2002,1995.0,2272.9,0.1434299239757254,0.2061276415615032,0.0964890836801934,0.1186560244157966,0.0715896377265165,0.1362751583203312,0.0890134105515473,0.1581176100323294,0.106158941877511,0.1625943488937383,0.1145560787964816,0.1436448734445414,0.1023503646741481,67.5,14.94,5.6,4.85,23.1,9.36,38.0,13.76,0.8,20.65,0.2,25.41,1703.3
IRN,2003,2096.9,2383.4,0.1388519068226477,0.2046516503182041,0.0936825266432698,0.1049556017958942,0.0635486615560725,0.1252898050484715,0.0806618142100711,0.1525789686679224,0.1042024460602746,0.1644153187139377,0.1153400698970549,0.1484573372141207,0.1054104784627957,60.0,14.9,11.6,4.56,30.5,8.09,17.2,15.25,0.7,19.86,0.1,26.09,1995.0
IRN,2004,2205.6,2417.1,0.1449178854135255,0.2064393487844794,0.0973916302788461,0.115983309307828,0.0716586670489132,0.137652354515268,0.0895153805923267,0.1612216430059399,0.1074726841426519,0.1650658297405273,0.1154682722121292,0.1472437947727041,0.1042356359633579,96.1,14.87,22.2,5.24,15.2,10.46,55.6,12.67,2.9,19.52,0.2,26.12,2096.9
IRN,2005,2058.5,2301.2,0.1458911679444194,0.2152752660817423,0.0977059700877063,0.0952997367188598,0.0571703964673099,0.1485473197883932,0.0953554803654977,0.1691891706201487,0.1140021752000452,0.1685583606001329,0.117373361513993,0.1491218157247694,0.1051552911055598,34.1,14.69,3.5,2.88,18.9,8.7,5.6,15.47,5.7,19.97,0.3,25.65,2205.6
IRN,2006,2131.7,2391.8,0.1470877653716449,0.2095296895050313,0.0983819532815032,0.1193334578951936,0.0712423898011297,0.1409842745227663,0.0902867645443959,0.1681698479997141,0.1136303499169119,0.1668703749731077,0.1167428224720846,0.1419065200903589,0.1009965662489381,112.0,15.71,73.2,5.88,12.6,9.01,25.6,14.53,0.6,22.02,0.0,26.47,2058.5
IRN,2007,2199.7,2454.3,0.1504254386252567,0.2236667731739643,0.1006708453423412,0.1167837863497007,0.0702772357704352,0.1396183617018918,0.0893897866511129,0.1711935522085029,0.1156616367092023,0.1749479286037811,0.1224974752596451,0.1514748191096287,0.1065346774392518,131.5,14.44,22.8,4.31,50.4,7.25,33.6,13.19,17.2,19.84,7.6,27.0,2131.7
IRN,2008,1334.3,1720.9,0.1265952707483549,0.1761575751330754,0.0859477370781579,0.0900883847690565,0.0549770794778049,0.1258902837139524,0.083624329531439,0.1469771938391731,0.1006676505371674,0.1435439000115087,0.1003866256336915,0.1272666485199461,0.0904858696779408,16.8,16.25,6.5,3.29,0.0,12.66,9.8,16.82,0.5,21.47,0.0,26.53,2199.7
IRN,2009,1819.2,1997.2,0.1426121644980849,0.1999792088380921,0.0963548618144776,0.1132466695546634,0.0696810678465467,0.1357153961348707,0.0889103500249083,0.1595100768275985,0.1080054368876104,0.1651098427131486,0.1158982696235658,0.1404217554524514,0.0998423552281412,116.7,14.28,43.1,5.25,21.1,8.86,37.5,11.62,12.2,20.76,2.7,24.28,1334.3
IRN,2010,1833.7,2173.5,0.1585382254836226,0.2264124103391771,0.1077977214365389,0.134266316594244,0.0839203930573256,0.160115976563496,0.1072702094412848,0.1833366973349517,0.1250657543705853,0.1716878536661523,0.1200699403900572,0.1447884222677999,0.1035649058907712,88.3,16.16,24.3,5.51,22.6,11.62,23.0,15.05,6.4,20.85,12.0,27.05,1819.2
IRN,2011,1360.8,1713.7,0.1379951634172795,0.2008705775379351,0.0936915151310553,0.0994869795727571,0.0604031275536201,0.1291437981574603,0.0851229703853848,0.1537537052631877,0.104788220616436,0.1627933902968703,0.1146332315029809,0.1454995052275521,0.1038761585875239,76.6,15.53,20.0,4.06,37.1,8.4,11.0,15.11,8.5,21.66,0.0,27.68,1833.7
IRN,2012,1348.2,1745.4,0.1344491603149707,0.1976512673491631,0.091622484825958,0.0956701772743265,0.0588411825294972,0.1154519007025843,0.0756936295100848,0.1568519285682773,0.1072746731856834,0.1608307680175363,0.1137566483267522,0.1437848773788644,0.1027417102079955,94.3,14.03,38.2,1.98,20.9,6.58,29.5,13.96,5.0,21.66,0.6,25.58,1360.8
IRN,2013,1453.8,1847.1,0.1541656306359194,0.2134419678548054,0.1035876857813493,0.1344706757194016,0.0830050961786153,0.155218146810676,0.1013810143480213,0.1732732753765308,0.1177988224403116,0.1639432657990744,0.1136183600077472,0.1447616261384258,0.1026177186867108,85.3,15.0,3.3,5.5,33.7,9.92,28.8,13.73,19.3,19.01,0.3,26.24,1348.2
IRN,2014,1745.3,2051.5,0.1469864450668336,0.2093691244565034,0.0985612857402149,0.1170716618370543,0.0725039227748554,0.1448958670374717,0.0925192767677246,0.1677856735763438,0.1135270245743794,0.1636792687389328,0.1137954759787692,0.1422190428869993,0.1008996074411256,81.4,15.0,10.2,2.69,48.8,8.78,17.7,15.02,3.0,21.06,1.8,26.64,1453.8
IRN,2015,2015.9,2231.0,0.1477169799718117,0.2051824157562564,0.0991940443587964,0.1242942150385655,0.0763243378424478,0.1456076741759902,0.0930230814279621,0.1722496682403578,0.117439449783949,0.1599428542857275,0.1117366005454493,0.1372230281064481,0.0979045762184679,98.4,16.19,25.3,6.14,42.8,8.7,11.9,15.57,17.2,21.7,1.2,28.22,1745.3
IRN,2016,2461.2,2653.3,0.1569653845806239,0.2214859250763373,0.1056514271903197,0.1364687695294668,0.0858564931703045,0.1573351693293223,0.1019512001179526,0.177935355777231,0.1201739824803248,0.1700328366289906,0.1184748808462205,0.1438539481895744,0.102253483388149,57.7,16.0,2.3,6.22,17.6,10.39,28.4,14.56,9.3,22.62,0.0,25.88,2015.9
IRN,2017,2280.3,2531.0,0.1427368529726628,0.2089855258667854,0.0962292706046915,0.0957516543110313,0.0579698698848144,0.1347254077685749,0.085744047473952,0.1703809122171991,0.1154919891489757,0.1678591332480474,0.1178641466567154,0.146009483968653,0.1046867798466574,92.1,15.94,22.6,3.91,27.0,8.56,12.1,16.26,30.4,22.42,0.0,27.78,2461.2
IRN,2018,2462.8,2657.3,0.147434073030588,0.2031552548556321,0.0994124820018323,0.1197075396851844,0.0741886138912173,0.1449854983383839,0.096142514042115,0.1647117979754845,0.1100863496967779,0.164854850199718,0.1149382678731093,0.1436139115718387,0.1021260471389272,93.9,16.48,26.4,7.21,2.5,13.2,33.4,14.86,30.1,18.94,1.5,27.58,2280.3
IRN,2019,2338.7,2653.7,0.1641002984002991,0.24121387540192,0.1103752570115444,0.1341776299848897,0.0823938230794552,0.151581105645508,0.0977990936495715,0.1930992295567051,0.1308886934569241,0.1855650955789781,0.1297396746166085,0.1573341545459098,0.1117427910747606,130.0,14.6,14.0,4.1,73.8,7.07,32.8,12.31,6.7,20.79,2.7,28.07,2462.8
IRN,2020,2255.0,2618.8,0.1680640096593357,0.2441165917857633,0.1133017336264717,0.1303365288365937,0.0809577160983215,0.16638196506532,0.1066142269885951,0.195086822037019,0.1315915667403947,0.1912873627477893,0.1343899285858704,0.1596440023702565,0.1144329802350359,121.2,15.32,23.3,5.67,37.0,8.62,57.2,13.56,3.7,20.95,0.0,27.5,2338.7
IRN,2021,2263.2,2301.5,0.1494920734920275,0.2024628936834171,0.101325996823343,0.1370774137815,0.0856823977208754,0.1504660009587003,0.0986794419861523,0.1659168088804549,0.1141913561792354,0.1557155687600094,0.108957977967169,0.1391225447736294,0.0995751416952636,57.1,17.45,24.9,6.63,17.5,10.78,3.6,18.03,11.0,22.57,0.0,28.59,2255.0
IRN,2022,2429.6,2317.6,0.1446485953861161,0.2034521281488104,0.0989354197098816,0.1220546080214319,0.0764620730698364,0.1437741199111704,0.0961953820026459,0.161129369169881,0.1102583412304198,0.1586236976997847,0.1125633912756807,0.1381945203708037,0.0995238680940202,44.2,16.73,17.9,5.74,17.9,10.43,5.5,18.06,2.9,20.79,0.0,27.95,2263.2
IRN,2023,2528.9,2420.4,0.1533608422770742,0.2194346049819509,0.103299748167659,0.1179984839121695,0.072826902894452,0.15860177506742,0.1027616663431869,0.1760047045593812,0.1206341594060997,0.1675576222949458,0.1170694653459519,0.1470062817660934,0.1034037167662424,110.8,15.57,90.9,3.64,14.2,10.02,2.9,14.45,2.4,20.97,0.5,27.98,2429.6
KAZ,2002,1089.5,1145.7,0.2433231429978302,0.4598381338618366,0.1371757362734175,0.0429678128561609,0.0165535346455683,0.1543886090745224,0.0783951460151369,0.2747137497652611,0.1478743297250749,0.3801758791431469,0.2212969822110383,0.3812575387022823,0.2307560998341575,155.5,4.32,22.6,-8.32,35.9,-1.56,49.3,3.02,14.3,10.5,33.4,17.11,1180.3
KAZ,2003,1025.0,1077.5,0.1908909933103549,0.4131727023667512,0.1071707991824538,0.008011380136216,-0.0023750452101874,0.0540248045164978,0.022158187834282,0.196073219826226,0.1047434961144587,0.3410644271852801,0.195935141408456,0.367094794301987,0.221651859278303,198.5,2.45,9.5,-15.57,13.1,-8.67,30.4,3.63,79.7,14.53,65.7,17.09,1089.5
KAZ,2004,843.2,884.3,0.2090348135835213,0.3971362753290571,0.1158096463214005,0.0526101572512399,0.0203835801904205,0.1128701344080036,0.055666886645514,0.2507876448751855,0.1346942716988102,0.3255725307761537,0.1870501700298082,0.3173821927526585,0.1887752684234054,131.4,4.51,12.9,-11.9,40.6,-5.97,48.4,3.7,9.0,15.87,20.6,20.3,1025.0
KAZ,2005,948.0,998.2,0.1995046961746726,0.4059918982657095,0.1109580453953483,0.0128543787037659,-0.0020784151084154,0.0885650768541036,0.0396814140933949,0.2462331043746903,0.1326808649450364,0.3431464006214511,0.1988771979626232,0.321878209520764,0.1938750505235928,159.7,3.32,8.0,-18.9,47.2,-6.53,23.5,4.34,43.5,15.85,37.5,20.27,843.2
KAZ,2006,1134.8,1170.9,0.2002724145039572,0.3872977283053019,0.1136700802846644,0.017413952849836,0.0013819406980244,0.1273668146627366,0.0642644887983245,0.2490605344841338,0.1394044860543755,0.3138342572465803,0.1837287355823021,0.3086363009207861,0.1879365982510629,163.3,5.3,14.4,-13.88,16.4,-3.18,64.9,6.2,38.1,14.02,29.6,22.07,948.0
KAZ,2007,1298.3,1326.9,0.2097392686233762,0.4187940469304404,0.1204656131963563,0.0356509019435736,0.0133079534616356,0.0823318760201882,0.0365688280869832,0.2659253378919844,0.1484530741875953,0.3494108153074831,0.2089177999835291,0.330318712579419,0.2033630772912911,182.8,3.12,43.4,-14.45,9.3,-8.9,36.5,5.83,69.9,14.15,23.7,17.8,1134.8
KAZ,2008,971.5,1011.3,0.1882000439722136,0.3539542066888032,0.107517049227417,0.0063610900113009,-0.0043793478348037,0.1252133198456624,0.0656763186338967,0.2385435209720806,0.1352784410812529,0.29299242426933,0.1723699847467052,0.2897573719498695,0.1751893220063465,182.4,4.99,37.2,-12.1,45.9,-2.52,23.2,6.13,42.1,13.75,33.9,19.07,1298.3
KAZ,2009,1194.1,1253.1,0.1983241222255542,0.3926517843515925,0.1135257164734771,0.0106756579246305,-0.0033584008689832,0.1100265771223096,0.0547123954618535,0.2481999935781132,0.1399720160072601,0.3305313565506428,0.1956118805258759,0.3038151311406568,0.1871066449665619,158.5,3.6,16.7,-15.64,26.1,-4.75,39.5,3.83,67.5,12.79,8.7,20.48,971.5
KAZ,2010,733.6,804.1,0.1782482298802259,0.3643304423769827,0.1017174772335589,0.0082951658761778,-0.0018438340769557,0.0697969931963593,0.0305381193208558,0.2297716803653171,0.1270851831476207,0.3039562429477263,0.1794756679095142,0.2869554621744344,0.1773104863829797,79.3,3.22,9.1,-20.2,29.2,-8.28,7.8,5.38,25.2,14.83,8.1,22.82,1194.1
KAZ,2011,1660.9,1688.6,0.1820204989534484,0.3798712207670217,0.1057534540757129,0.0039220215785127,-0.0043197656861638,0.0616194555246879,0.0282666098180581,0.2342806843919412,0.1330208565171219,0.3043895484533689,0.1813905018975402,0.3136707729263137,0.1946044876444937,241.1,2.58,21.1,-17.0,33.9,-8.76,44.6,5.58,46.2,13.5,95.2,18.28,733.6
KAZ,2012,792.9,865.1,0.1808291659134143,0.3665654934210456,0.1046614928784656,-0.0091014915395179,-0.012257389797895,0.0765004130979421,0.0356422356419841,0.2622211018374526,0.1505839353811983,0.2938260934006426,0.1771281234153136,0.2882994723428349,0.1764061148154652,129.3,4.23,4.2,-19.16,30.7,-6.79,20.5,10.28,42.8,14.57,31.1,21.49,1660.9
KAZ,2013,1076.2,1164.9,0.1986875199009307,0.3795312823785456,0.1152846086853325,0.0183502587237327,0.0029289435066919,0.1037524541507447,0.0532636897050557,0.2689469365627802,0.1531125668081642,0.3116384271554546,0.1872124134743891,0.3012506987096484,0.1857086944663034,143.3,3.92,20.5,-12.98,31.5,-7.15,51.4,6.07,30.4,12.87,9.5,19.75,792.9
KAZ,2014,1090.1,1172.7,0.1823024133042098,0.3658103736537743,0.105828711046655,-0.0085019972584408,-0.0138734778667738,0.0872592476481938,0.0407294231433444,0.2472476697293391,0.1410562153044732,0.3020960319431257,0.1836419289605656,0.2919219817228186,0.1823485616005049,109.2,4.35,15.5,-16.85,20.6,-3.9,8.1,3.44,27.5,16.46,37.6,21.08,1076.2
KAZ,2015,1188.2,1275.6,0.1976531594234576,0.4211147329738879,0.1143563652782994,0.0209993383803282,0.002601902645641,0.0552070835094665,0.0228804379723147,0.2291529116604587,0.1277527727306108,0.3575384839586495,0.213456753943619,0.334162493280958,0.2098115880838267,176.8,4.17,6.6,-13.84,17.9,-7.0,32.7,4.6,96.3,14.13,23.3,21.79,1090.1
KAZ,2016,1211.1,1347.8,0.233779189885604,0.4554771481107772,0.1345962842722463,0.0336243277694734,0.0105521211466468,0.113604208592641,0.0554852700529038,0.2985210234985755,0.1669575159111418,0.3707360488106316,0.2218511640328848,0.3659409857446689,0.2252486179109744,199.5,4.66,32.0,-9.22,53.4,-4.79,36.0,6.73,16.5,12.72,61.6,17.45,1188.2
KAZ,2017,1242.7,1355.0,0.2039148567095316,0.4192964457856586,0.1160889654589851,0.0024305406690159,-0.0078031040744806,0.0702563744725712,0.0310925189499464,0.2694881873905672,0.1489325783457017,0.3467675353476273,0.2049253038837451,0.3403564010680788,0.2084735157654655,205.3,2.94,26.4,-13.81,17.9,-6.69,29.7,4.31,67.9,12.06,63.3,17.71,1211.1
KAZ,2018,1228.1,1359.6,0.1948218856479731,0.3988861519873583,0.1115255035105688,0.0150414098672863,0.0037067736928878,0.0918857488716926,0.045523000269284,0.2476225537071177,0.1373515277819307,0.310942782450568,0.1825248466065311,0.320193612963726,0.1947936675226464,217.9,1.1,10.4,-14.63,42.2,-10.33,32.2,3.14,68.8,10.6,64.3,15.75,1242.7
KAZ,2019,1013.7,1147.6,0.2066968262171694,0.4018511928317477,0.1185609609382773,0.0157341502985116,0.0010014244212921,0.1173531661535056,0.0571450264414088,0.2702916334425305,0.152585438673235,0.3164207417409044,0.188344215729497,0.3234486963419264,0.1990668886268211,109.0,3.59,15.5,-15.03,27.9,-4.65,26.3,4.29,16.9,14.19,22.5,17.8,1228.1
KAZ,2020,1182.5,1282.5,0.2077689862013135,0.3830890295211837,0.1195419670093996,0.0425974283814363,0.0139357422475877,0.1173470582302811,0.0600646880311327,0.2666288683203805,0.1506590946536157,0.3240238141745464,0.1944214043949061,0.2986642609768913,0.1842535794383637,254.5,4.96,38.4,-8.99,23.6,-4.24,42.9,5.5,116.9,15.28,32.8,16.72,1013.7
KAZ,2021,928.8,1038.3,0.1787470547396609,0.3517080246315621,0.1047461101040756,0.030115168297677,0.0120430349534457,0.0644070304639673,0.0308169873286544,0.2286458488792165,0.130771914372713,0.2956473956106829,0.1784496937037846,0.2835256842373058,0.1764341355107851,117.0,4.07,49.5,-15.51,29.0,-8.67,17.3,4.62,10.0,18.08,11.2,20.47,1182.5
KAZ,2022,1272.7,1371.8,0.191432702748058,0.3800349349167303,0.113835096260339,0.0211003465415789,0.0050506295141891,0.0822987562676812,0.0420679837735356,0.2520479414247663,0.1472390379649801,0.3123428203970833,0.1922419228242602,0.29835142115877,0.1875367697603383,143.1,4.26,20.8,-10.08,18.5,-8.61,10.4,8.33,44.2,12.69,49.1,18.14,928.8
KAZ,2023,922.4,1028.4,0.1891614047354927,0.357145919103947,0.1108966146533749,0.0186448353618863,0.0043512475285304,0.134451975046903,0.0709900382067453,0.2392696163878462,0.1377502082194207,0.2854946064947016,0.1735645646795399,0.2767748114362361,0.1728627769318893,134.1,4.93,26.4,-12.9,23.1,-4.11,4.8,6.21,16.9,14.97,62.9,19.24,1272.7
KGZ,2002,2301.7,2665.4,0.1903819440882513,0.445360331639653,0.117279571841648,0.0119516718194882,-0.0027655752670459,0.0706392379257159,0.0335352870031487,0.1763271736669512,0.0987744353114206,0.3011937540693455,0.1904185258350222,0.3933665879656295,0.2661784418716733,265.8,13.66,24.4,4.31,74.1,9.41,119.5,12.26,17.7,17.55,30.2,24.15,2488.3
KGZ,2003,2364.9,2774.2,0.1584709740157293,0.4317900045524234,0.0976651501109347,0.0088444243566852,-0.0021082418777701,0.0298532785783638,0.0077336800461124,0.102321802306877,0.0522003147874443,0.2571795291309988,0.1589496546954427,0.3959030628419906,0.2701127087748409,282.0,12.13,39.4,3.35,47.9,6.77,78.2,9.89,56.0,17.18,60.4,22.88,2301.7
KGZ,2004,2434.4,2876.5,0.177074968672627,0.4377944713033492,0.1061177772029984,0.0172506343526616,-0.0008830761037026,0.0364055517233808,0.0105867023176321,0.1619407114596126,0.0896101412277893,0.2943618846753421,0.1838933877692503,0.380521422382509,0.2494744214716962,209.7,14.0,24.0,5.01,54.0,7.32,37.2,13.99,73.8,18.96,20.8,24.47,2364.9
KGZ,2005,2241.0,2677.9,0.184444269329333,0.4508011429549127,0.1114623580952637,-0.011794590626397,-0.0171600461445089,0.0697029718969763,0.0267769039001889,0.1642800015218261,0.0913514927546121,0.2845224675552761,0.1806475693391859,0.4026418115719216,0.2676254787460285,251.9,13.69,29.4,-0.66,63.6,11.0,46.8,13.58,86.8,17.89,25.3,25.63,2434.4
KGZ,2006,2068.4,2550.6,0.1908550209894535,0.4427565096241263,0.1163590119474998,0.0130802397556932,-0.0030575516627984,0.0638464023626045,0.0285196751524255,0.1646620562659975,0.0925743974093573,0.3215200857565116,0.2050410489926606,0.3820115544621396,0.2530654343259783,233.9,14.85,30.9,5.64,59.4,9.96,85.1,14.05,36.3,19.6,22.2,24.4,2241.0
KGZ,2007,1998.5,2512.9,0.218541381444549,0.4438476973878377,0.1346475038088477,0.0608735129096379,0.0320109892097286,0.0873768264813297,0.0463726665820397,0.2244215437345049,0.1323707140351205,0.3389038839732188,0.2153033021710759,0.384481424482302,0.2519065893920579,195.2,14.77,32.0,4.23,31.3,6.57,55.9,17.0,63.6,19.64,12.4,25.82,2068.4
KGZ,2008,1940.2,2380.2,0.1798575505724939,0.4150746329078709,0.1122164638861777,-0.0048929924653252,-0.0090769348431015,0.0672929197879757,0.0328541775858513,0.1609668019792549,0.0945882286417992,0.3070481132780677,0.1977663613737596,0.3621753803150632,0.240757256025388,135.9,15.18,32.2,-0.29,27.5,11.91,24.9,14.04,39.5,22.26,11.8,27.32,1998.5
KGZ,2009,2628.5,3034.2,0.1753365109954144,0.428057706980705,0.1074971400777595,0.0112484758841302,-0.0027302534406295,0.0602887404840671,0.0268169299270023,0.1500593875286818,0.0852029452323644,0.2771374004775579,0.1781375785052182,0.3751444819204952,0.2491037159818342,266.0,13.1,34.5,3.53,43.9,8.93,101.4,12.02,51.1,17.59,35.1,22.78,1940.2
KGZ,2010,2167.4,2610.5,0.1791550435301044,0.4654843482883274,0.1113995905661816,0.0079215672447325,-0.0047829364631025,0.045811706716374,0.016453980019479,0.1545345547189906,0.0854961914562345,0.2923361611158471,0.1881026697255413,0.4012215178353574,0.2741294122754997,245.7,13.03,52.2,1.2,59.7,8.27,61.6,13.42,40.4,17.9,31.7,23.54,2628.5
KGZ,2011,2144.5,2603.1,0.1975472800158759,0.450851333405512,0.1245299485073434,0.0140645554786036,0.0047613694195962,0.0575970961406895,0.0253253063275641,0.1903896117641097,0.1104343229631942,0.3320440385269989,0.2154819951289309,0.405544314522356,0.2730334855880573,240.9,13.51,45.0,1.27,51.1,5.82,35.0,15.27,71.9,19.57,37.9,24.88,2167.4
KGZ,2012,1675.1,2367.1,0.1798411705524223,0.4471218836741283,0.1130597634395058,-0.0132182805121103,-0.0146173028611024,0.0251646652272557,0.0068100111129877,0.1700660978459828,0.0974910272319248,0.3015479922293017,0.1952649671380551,0.3981226087733144,0.2683220430633903,150.0,13.3,21.3,-1.79,37.9,5.9,18.3,16.6,33.0,20.05,39.6,25.24,2144.5
KGZ,2013,2365.4,2904.0,0.1993680236849688,0.4333220237250383,0.1243170073613648,0.0163105965347351,0.0038542092692197,0.0780848359277294,0.0396540629927855,0.2023208803936177,0.1221816071079987,0.3174106979123222,0.201163046711084,0.3880448357052052,0.2579774883899531,210.7,13.93,28.7,1.86,31.9,10.52,76.0,13.5,29.4,18.8,44.7,24.11,1675.1
KGZ,2014,1689.3,2276.3,0.1712701438947982,0.4124113482363609,0.1060939317018951,-0.003953588981835,-0.0083996169675442,0.0548438630828521,0.0254326875038914,0.1542155509372615,0.0879789299484846,0.2775834070455962,0.1764260157078156,0.3638800043998651,0.2438054234125424,34.9,13.4,0.4,-2.06,0.8,8.24,1.9,12.34,19.9,21.33,12.0,26.03,2365.4
KGZ,2015,2370.1,2999.0,0.1925234845521191,0.45339078904557,0.1190662482413518,0.0145846223753914,-0.0002786498379962,0.0544839300395623,0.022890504668781,0.1671770382338532,0.0957881708571465,0.322791176149016,0.2101440972376549,0.3913381783430061,0.2624642609149185,201.9,14.34,33.4,4.39,43.7,5.99,41.6,15.13,57.3,20.44,26.0,25.16,1689.3
KGZ,2016,2446.1,3104.2,0.2270151040017089,0.4695762697235668,0.1397968297895414,0.0447273117201478,0.0192056557324104,0.1187321464632241,0.0610251750527831,0.2222846589705355,0.1313739285648479,0.3448688695147036,0.2185530439944755,0.414494824643546,0.2763647393687497,294.4,15.15,8.5,5.44,43.9,12.18,72.9,14.54,103.6,18.35,65.5,24.93,2370.1
KGZ,2017,2405.3,3093.4,0.1848380686413859,0.470692600079209,0.1160775169547393,-0.0050681894628961,-0.0112401920504414,0.0336541301503203,0.0100495576283696,0.1355360601290799,0.0721755027134513,0.3307888089511752,0.217491976551672,0.4187223648510534,0.2856332876340057,251.6,13.17,41.1,2.06,19.7,5.82,98.7,11.87,57.1,20.63,34.8,24.72,2446.1
KGZ,2018,2426.8,3162.2,0.1986134307893029,0.4404635734243922,0.1244625138956105,0.025452838897195,0.0102226819233912,0.0847586080183667,0.0415566360330939,0.2000387808018263,0.1225203348403209,0.3014991995500917,0.1936535589902188,0.3924626064266376,0.2607096293637352,217.0,13.93,27.3,2.38,77.6,10.69,51.8,13.81,36.4,17.77,23.9,24.21,2405.3
KGZ,2019,2509.3,3234.0,0.1995758430726981,0.4394441077979203,0.1233761218684105,0.0188089496550072,0.0039169293551365,0.0810123129024641,0.0397068041725447,0.2147399152150783,0.1253373310539717,0.3104351158124688,0.1980744770340305,0.3831390394741562,0.2555143189864377,214.0,13.98,28.0,2.22,39.7,10.7,89.9,13.9,25.4,18.3,30.9,23.95,2426.8
KGZ,2020,2546.5,3260.4,0.2104575104024718,0.4397315303601529,0.1268231895838759,0.0285442777443534,0.0095451104479173,0.0928370815901193,0.0476136994082634,0.2131702138452639,0.126914409529062,0.3401402520222512,0.2197022348992948,0.3821782736031363,0.2354642431920407,182.5,14.76,39.9,5.64,15.5,8.31,80.7,14.93,36.5,20.35,9.9,24.27,2509.3
KGZ,2021,1453.1,2334.9,0.1896295597712744,0.4349120477957888,0.1168625180298196,0.0460631908632795,0.0201497177989748,0.0647634118930733,0.0311885535262965,0.1429936003694386,0.0786042206048023,0.3120756205955043,0.203547296711318,0.3772532474504851,0.2511481617482102,167.5,14.87,28.5,5.2,68.4,7.26,39.5,13.66,22.0,21.41,8.9,26.23,2546.5
KGZ,2022,2542.3,3249.4,0.208237750190169,0.4529567101669796,0.1311805247318943,0.0387516838788452,0.018066193634918,0.0621104774516383,0.0288753032189224,0.2048315944945642,0.1207992492604295,0.3412784802371504,0.2225747468125489,0.4042850294658461,0.2728042302644521,246.1,15.21,18.3,3.51,100.6,7.28,39.1,18.21,63.4,20.17,24.7,26.2,1453.1
KGZ,2023,1910.7,2798.6,0.1894064034187454,0.4221369200636571,0.1159469921133183,0.0219835449959135,0.0050018035739245,0.0910955480824491,0.0445066051570482,0.1843748190147643,0.1091306537343324,0.2815312820306177,0.1802905733673759,0.3636474735730443,0.2403376730309685,71.8,15.3,15.8,4.1,14.8,11.22,14.4,13.89,17.5,19.33,9.2,27.2,2542.3
MAR,2002,1279.3,1068.7,0.2108702764977821,0.2669506890026586,0.1332905441605733,0.2226811817030302,0.1330686472139373,0.2289341767605398,0.1408948668220745,0.2303708519516769,0.1485897958857118,0.2028352373906242,0.1310743518923016,0.1698556644619762,0.1129372019738727,150.5,17.28,7.3,13.76,68.0,15.49,67.8,16.17,7.1,18.21,0.2,22.58,1228.0
MAR,2003,1722.0,1432.9,0.2340375484716257,0.3060397853031285,0.1493495761198981,0.2732733643319459,0.1662721066894621,0.2703203513270593,0.1742353644714171,0.2486423228623802,0.1573046075939409,0.2047966796230388,0.1341115978458801,0.1734220713297369,0.1149331345247343,170.9,17.64,30.5,10.87,59.3,15.89,55.9,15.98,10.4,20.89,14.7,24.06,1279.3
MAR,2004,1808.2,1512.1,0.2404546168369425,0.3072986326830149,0.1526155118547661,0.272608834151856,0.1646878716359773,0.2713486819792026,0.174204756413119,0.2529230386564088,0.1611215185368569,0.2201462529354794,0.1404341927416767,0.185607986280775,0.1227635264396031,189.9,17.1,43.5,12.91,55.9,13.77,44.9,15.98,44.3,17.2,1.3,25.61,1722.0
MAR,2005,1026.1,783.9,0.2034595857958967,0.2674881133265824,0.1289610642246762,0.231064166604386,0.135529589490062,0.2384102351567043,0.1503856896954039,0.2074721338303484,0.1332863389911493,0.1764193112303035,0.1173705970242625,0.1641618602066292,0.1083155142453255,76.1,17.99,39.5,9.52,20.2,15.54,0.2,16.89,1.0,21.1,15.2,26.33,1808.2
MAR,2006,2036.5,1652.1,0.2395245275678045,0.3212109980637002,0.155602046331424,0.2731365595286949,0.1721389937473245,0.2919517294345221,0.1891152495662663,0.2521631585800063,0.1633826392443142,0.2012801587127141,0.1334687318034938,0.179328146445346,0.1199986151086412,138.9,17.04,73.1,10.68,29.3,14.0,15.3,16.93,16.0,20.44,5.2,22.69,1026.1
MAR,2007,615.4,516.4,0.2124725617595027,0.2661562963160066,0.1331994823840217,0.2357563918583624,0.1355020177773105,0.2259133652326381,0.1388942124051445,0.2226022987294546,0.1427816923604758,0.2034088295726726,0.1329103581962649,0.1750686998281568,0.1160325801801498,130.6,16.65,35.7,13.11,18.6,13.95,69.7,15.01,6.6,18.94,0.0,22.05,2036.5
MAR,2008,1318.9,1002.9,0.2145752972034562,0.2882726178817918,0.1365961537943368,0.2557066054928863,0.1583799424182939,0.2501478813863393,0.1599078118004041,0.2110721710223862,0.1361649344529949,0.1886777304002841,0.1181740153242738,0.1675335260850264,0.1104576535487463,93.2,17.61,40.2,14.15,10.2,14.35,29.3,17.9,13.5,17.82,0.0,23.83,615.4
MAR,2009,2139.8,1919.4,0.257595013358483,0.3479133597539793,0.1670473951666051,0.2979843902646899,0.1842951442144142,0.31096357824825,0.2021344262581815,0.2736293834861478,0.1787327857505954,0.2171229323285065,0.144383056986615,0.1886611001347528,0.1258435143417355,223.8,17.24,117.8,12.24,85.3,15.36,5.2,14.37,2.2,19.63,13.3,24.23,1318.9
MAR,2010,1709.5,1547.5,0.2498005014949967,0.332590750981257,0.1617231097224526,0.2804490754204726,0.1703608079103439,0.2971054065447001,0.1926184742292353,0.2638036059138698,0.1725850899614927,0.2160037245653494,0.1450965023329729,0.1919899259040965,0.1280810598726539,236.0,17.17,114.5,13.66,82.9,14.47,23.0,17.47,11.9,18.61,3.8,21.47,2139.8
MAR,2011,1948.8,1614.4,0.2464575617697199,0.3119396319067657,0.1567131112118565,0.2826232100493279,0.1737581936385944,0.279673767208751,0.1780630460642991,0.2483571503593835,0.1594306564733198,0.2225197932141289,0.1414528572614725,0.1995464701539924,0.1310203364969275,287.1,17.56,37.8,11.04,49.1,13.11,76.1,18.0,118.3,20.68,5.7,24.59,1709.5
MAR,2012,1234.2,1016.6,0.217931922332031,0.2804604567644338,0.1385557039728109,0.2502365517595097,0.150206811711349,0.2346333418310549,0.1463244685962305,0.2300485260756401,0.1465106375364233,0.2015467308402357,0.133393880679871,0.1735572765014885,0.1164832356631611,96.3,16.96,7.8,9.29,12.0,15.4,72.9,14.09,1.3,21.38,2.2,24.31,1948.8
MAR,2013,2164.0,1828.3,0.2454203367477447,0.3160178717537647,0.1583024102757108,0.2777251679146295,0.1708225666099564,0.2893090714329772,0.1856609173638131,0.2636695918432425,0.1710955604617378,0.2138705457675306,0.1414733924758228,0.1829989431645313,0.1226504217063309,191.1,16.44,17.2,10.92,102.5,14.08,49.3,16.73,21.9,17.78,0.2,22.37,1234.2
MAR,2014,1713.2,1454.3,0.2223362414777051,0.2856596952375977,0.1422285141619632,0.2511054616324664,0.1499239042138301,0.2594585355056851,0.1634670151068774,0.2362083130289967,0.1538133479788498,0.1913873962116324,0.1270771434129861,0.1738895192933384,0.1170084587193761,112.1,17.55,33.6,11.12,33.3,13.99,37.8,18.12,6.0,21.34,1.5,22.74,2164.0
MAR,2015,2466.4,2140.7,0.2499491188297781,0.3323373673876624,0.1625698310082235,0.2901910079749114,0.1830529514559811,0.2943488744258954,0.1886731523563034,0.263766962970447,0.1743317988853102,0.2101341640857931,0.1385629591315634,0.1917435147240992,0.1284085611934697,124.9,17.19,21.9,9.58,82.4,13.61,1.4,16.85,16.9,21.6,2.3,23.76,1713.2
MAR,2016,1131.5,936.0,0.2019671570614326,0.2496667821324615,0.1271626389958406,0.2024996489377259,0.1193525481944956,0.2168868928718644,0.1324931122951169,0.2214573369864022,0.1426741294828989,0.193741107139997,0.1271385213503044,0.1756255862553826,0.1142935183051126,209.4,16.5,68.7,12.23,57.1,12.43,10.2,15.75,71.4,19.06,2.0,22.94,2466.4
MAR,2017,2095.3,1757.4,0.2343562815706233,0.3190019888396165,0.1522683023931845,0.2859993096342333,0.1791590906989582,0.2855597779088458,0.1852606440032749,0.2336928682314708,0.1535085014689853,0.1922886781153164,0.1272619044833181,0.1744584848328586,0.1162374683996284,104.0,18.83,76.8,12.24,14.6,14.34,5.0,19.22,5.6,21.52,1.9,26.47,1131.5
MAR,2018,2575.2,2263.2,0.2400982837693336,0.3108378684160795,0.1552747088485029,0.248015985588425,0.1490424154792651,0.2787647322614792,0.1837868474088773,0.2573180738698166,0.166576448462218,0.2237445354664046,0.1485717314688049,0.1929523334537505,0.1285019041007201,326.4,14.94,80.4,9.92,135.7,13.14,80.2,14.86,29.6,16.42,0.4,20.01,2095.3
MAR,2019,1606.3,1453.6,0.217109228448166,0.2783396018044488,0.1384007411931597,0.258704204779072,0.1558425645136866,0.2362087491437288,0.1478179533461689,0.2218875005276303,0.143476529094418,0.1929961108059395,0.1274674697281071,0.1761009434641489,0.1175331070771511,90.7,17.6,25.8,12.68,34.6,15.63,26.6,15.76,3.1,21.85,0.7,21.69,2575.2
MAR,2020,900.4,747.4,0.2117026948937289,0.2713497062874663,0.1349210504790546,0.2479196667368645,0.1510215434731927,0.2229121538688954,0.1374208801136954,0.2127064606398062,0.1367803052542532,0.1980087624305437,0.1321235873601244,0.177238585896221,0.1173577368015209,157.1,18.03,1.0,15.19,78.5,14.73,26.2,16.66,45.6,21.49,5.7,21.98,1606.3
MAR,2021,2633.5,2328.7,0.2327054938889774,0.3075775505514929,0.1525258388478512,0.2700347292998541,0.1703131367427227,0.2773320476298325,0.1814213395769608,0.2344861716575299,0.1572468841375552,0.202209864428004,0.133389005104901,0.1796372349359398,0.1203309309572727,626.3,16.41,80.7,12.87,313.2,13.86,12.4,16.19,218.1,18.82,1.8,20.1,900.4
MAR,2022,1111.4,943.3,0.1983852810435043,0.2514594552496086,0.1248395281793494,0.2041326286485211,0.118800645373719,0.2131428227850194,0.1300632454081272,0.2240221946021915,0.1441116915411173,0.1862507033451302,0.1226587859171134,0.1645551726406411,0.108636174098274,138.3,18.15,9.7,15.18,79.0,13.42,38.0,15.83,9.1,22.22,2.5,23.91,2633.5
MAR,2023,1708.3,1482.1,0.2020593213019059,0.2697898402529006,0.1290159321617642,0.2301738515073067,0.1412249234693462,0.2392486624935253,0.1517945381217684,0.1959336573133719,0.1268442746010439,0.1765071831599869,0.1161143946893596,0.1686273120041475,0.1091755952047663,84.6,19.18,47.4,12.45,3.5,17.04,14.2,20.44,14.9,20.22,4.6,25.36,1111.4
NLD,2002,7814.5,7313.9,0.6021843324657826,0.7796921410960426,0.395799051331603,0.5410270543569037,0.2874144880289024,0.5441906930922107,0.328864097574673,0.5820111414462171,0.3844080554033181,0.6468410863065585,0.4622477768062423,0.7065123439137481,0.5227702444128072,338.6,10.04,120.7,5.88,43.4,6.29,53.8,8.54,45.2,13.08,75.6,16.15,7944.7
NLD,2003,8743.9,7956.8,0.5711210326469345,0.7734603490240994,0.3773266409741265,0.4430130743518128,0.2382648144275672,0.4773345413217629,0.2728242942702729,0.5898463501813784,0.3972109418515187,0.635031317158843,0.4525098839699408,0.7196137356038904,0.5322758965700934,229.7,9.17,22.2,0.43,27.3,6.06,45.2,8.67,93.5,12.87,41.5,17.21,7814.5
NLD,2004,8914.9,8066.3,0.5788294756670638,0.7744141765809938,0.3860169082295937,0.4707288514562073,0.2657144422683378,0.5066921200896075,0.3084686338831502,0.6247480898944748,0.4297675994147605,0.6317212237500741,0.4419931513365471,0.6692820856992553,0.4908117884886534,269.7,9.28,78.3,4.25,34.7,5.18,43.2,9.8,40.7,11.76,72.8,15.29,8743.9
NLD,2005,8593.2,7879.7,0.5983905147787636,0.7757386881848338,0.3890418840631071,0.4945576220906719,0.2750080205124638,0.5101866972538712,0.2982433985798656,0.6449578734895373,0.4328040022914053,0.6359681997666533,0.4407300628042137,0.7164021211278662,0.5053269656324664,316.1,8.84,60.3,1.68,63.3,5.14,67.5,9.33,73.7,11.88,51.4,15.72,8914.9
NLD,2006,8394.0,7854.2,0.5513489267945103,0.752181574763572,0.3570440765735889,0.4080801869801595,0.2269898856839247,0.4604190160868753,0.2458542693886452,0.564101632623802,0.3746499131233133,0.6485851268059523,0.464104156122155,0.6847420110085692,0.4796870872661373,278.0,8.51,49.3,1.89,66.9,2.91,44.4,7.96,85.3,13.45,32.0,15.89,8593.2
NLD,2007,7271.4,7289.7,0.6269654404833603,0.7816233503540894,0.4169902902764323,0.5405707282050738,0.2957429623924448,0.5852775933831259,0.3518626694143287,0.642465143505689,0.4385364002194831,0.6919959280624279,0.4970723439908064,0.6851161351822006,0.509112643696978,346.2,10.96,84.0,5.13,64.6,7.11,1.9,11.76,107.0,13.41,88.7,17.04,8394.0
NLD,2008,8729.5,8332.3,0.6051328028114784,0.756777257517045,0.3995913826500625,0.5382173593062597,0.2961414096182377,0.5331082233438919,0.3125420068402393,0.6111685671119547,0.4205444230858387,0.6599457767968269,0.4669565970064686,0.6931919506752082,0.5086769393564716,247.6,9.66,39.4,4.27,99.0,5.16,33.7,8.06,36.6,14.36,38.8,16.28,7271.4
NLD,2009,9291.9,9032.9,0.5846073498049823,0.7724476033879514,0.3900639484606686,0.3784582291093993,0.2123891079444672,0.5253854656223306,0.3001985084682497,0.6470557139258507,0.4410662212390062,0.6715780354957775,0.4785003304151159,0.7101813094211384,0.5250575780596788,260.2,9.58,64.5,2.18,62.7,5.49,16.2,11.35,59.5,13.12,57.2,15.27,8729.5
NLD,2010,8909.2,8569.3,0.5333146602526938,0.7373029307735117,0.3514368931556191,0.3106567318742102,0.1785313552018853,0.4762663681753681,0.2775172768702666,0.5776919321079907,0.3792040737445055,0.6303057109761481,0.4389790522977008,0.6812288804770872,0.4896995692102575,246.2,7.94,80.2,-0.26,50.8,5.06,25.6,8.52,57.7,10.01,31.9,15.82,9291.9
NLD,2011,7781.2,7800.8,0.5928715678599908,0.7743437186865509,0.3830294478902256,0.4868979521429577,0.2560129684037114,0.514821517051561,0.2875321357824076,0.6256206110088183,0.4280795223002153,0.6531936484515631,0.4516801019821627,0.6927931846316339,0.4983002133622322,205.3,9.86,56.8,2.88,15.8,5.08,9.6,11.75,31.3,13.27,91.8,15.92,8909.2
NLD,2012,8587.0,8545.0,0.5629490753783707,0.7655782882651208,0.3786308268710419,0.3893338636627566,0.2289930894032047,0.5224159442970656,0.299814059357158,0.6012169485543918,0.3975326189319232,0.6408260245140814,0.4514397129496084,0.6705857579393446,0.5222455940588745,259.6,8.65,24.7,-0.1,21.5,7.07,60.5,7.68,61.8,13.69,91.1,14.49,7781.2
NLD,2013,8741.2,8630.1,0.5540499247121615,0.7658579343167984,0.3605551626581548,0.483595211877679,0.2629280421523995,0.4399176897132371,0.2503484200180845,0.5565945263642954,0.353828416975333,0.6181833197720968,0.4452971155815257,0.6817836858849098,0.4970227006279841,243.1,6.99,42.3,0.48,34.5,1.05,27.8,7.06,71.7,11.16,66.7,14.86,8587.0
NLD,2014,9169.8,9073.7,0.6355840550581058,0.7747795561485209,0.4277863032141313,0.5610144118148631,0.3346135610116331,0.5922185081252392,0.3718134662897369,0.6449917454651702,0.4511485697570446,0.6802512369263771,0.4763034866465021,0.7093602787375666,0.5125125659909986,272.3,10.63,47.2,5.05,20.9,7.28,45.2,11.52,113.5,13.1,45.4,15.88,8741.2
NLD,2015,9125.5,8752.8,0.6018258081407292,0.7628653544339403,0.3978463411269425,0.521770444573373,0.2930436694983361,0.5240452530243368,0.311567340315194,0.613303603745711,0.4195292289273798,0.6704183241435738,0.4757060191639309,0.6889984052645801,0.4961747774354888,221.6,8.65,45.5,2.45,64.5,5.49,23.8,8.33,52.8,11.58,35.0,15.0,9169.8
NLD,2016,7983.2,7776.9,0.6157625106526954,0.7766017207663662,0.4096385379329528,0.5565661696745116,0.3135671175854926,0.5504026287546386,0.3310869324145529,0.6384864045215335,0.4320457268545063,0.6658525266278797,0.476569907264508,0.6774949436460619,0.5021318143706368,339.6,9.33,74.7,3.51,56.2,4.58,64.1,7.91,46.1,13.81,98.4,16.65,9125.5
NLD,2017,9093.5,8794.5,0.6010322994381055,0.7753010793199477,0.3967172442668739,0.4377983708958208,0.2415002688269469,0.5626384984211831,0.3356892369720234,0.6378907908751835,0.4536842038393148,0.6653581804723417,0.4538834801052974,0.7100476563930782,0.5053905807763324,301.5,10.21,73.6,3.32,67.9,7.52,31.1,8.12,41.2,14.12,87.7,17.49,7983.2
NLD,2018,8614.7,7927.3,0.5949062188392581,0.7608094172198021,0.3892864216206828,0.5467582389954054,0.3065795507721664,0.4861357024012504,0.2754514684111419,0.6216170368708215,0.4222188264659005,0.6725603732865073,0.4719613537646538,0.6574962093665832,0.477218871220726,250.1,9.57,24.4,-0.34,60.0,3.33,66.7,11.3,75.8,15.82,23.2,17.04,9093.5
NLD,2019,9378.1,8676.6,0.6264567223510067,0.7654030449591928,0.4225102789938961,0.5759469854660848,0.3366516488106341,0.5885098839010644,0.3658462640829439,0.6395099803971744,0.443778984547754,0.6535689567602682,0.4759788887904178,0.6844636737249807,0.4977285309032229,283.7,10.53,47.7,5.14,101.5,7.38,32.0,9.9,34.9,11.71,67.5,18.21,8614.7
NLD,2020,8556.0,7944.3,0.6218192874046539,0.7596545292620651,0.4067832392432201,0.5663630640769379,0.3099179484301886,0.586227857387698,0.3636259519190626,0.633920137483319,0.4374460230598878,0.6385573843037844,0.4397290866336555,0.6945814390982239,0.490648830870347,327.9,10.35,136.4,6.2,44.2,5.81,15.3,10.05,19.2,12.45,112.8,17.17,9378.1
NLD,2021,8018.0,7850.7,0.5649988946075944,0.7669894693633915,0.3833444314596708,0.3428906395183039,0.2040597696054752,0.5744798089947476,0.3628999707921992,0.6077058398358396,0.4132895008868067,0.6468229501743344,0.4671290032528114,0.6618634186038038,0.4760264216025263,342.8,8.64,58.6,2.26,52.0,5.7,42.1,6.26,105.9,10.78,84.2,17.8,8556.0
NLD,2022,9393.1,8860.0,0.623422976953442,0.7713289563749722,0.4168378096521353,0.57348357770982,0.3314051957635042,0.5451791698500921,0.3336041014995346,0.6358581874603916,0.4353933998894123,0.6672623054156076,0.4733473217071852,0.7047901114189221,0.5173604858977218,327.9,10.37,118.1,5.81,18.7,6.24,43.8,8.77,58.1,13.78,89.2,16.97,8018.0
NLD,2023,8467.0,8079.5,0.6306367005889942,0.7599852728630958,0.4170482856526831,0.5930841856824015,0.3425439180628265,0.589841451646388,0.3799106075797771,0.6457454108535352,0.4438579125621393,0.6666106236611743,0.4685063127773448,0.6681050457438943,0.4578656172771801,260.3,10.34,32.0,5.17,92.2,6.04,73.8,8.42,41.9,13.15,20.4,18.61,9393.1
PAK,2002,2262.1,2260.2,0.1553376247825465,0.2431329529248474,0.1034157524991557,0.1900222048722029,0.1228212818569818,0.1788270029352212,0.1205276014497932,0.143006079823206,0.0941564830361541,0.1267898325574881,0.0858281249113667,0.1419233581917043,0.096676943125013,71.8,29.12,17.6,15.72,11.2,23.23,6.8,30.25,16.0,36.61,20.2,38.82,2325.4
PAK,2003,2387.8,2320.6,0.1604679495966575,0.2480182359360346,0.1071680868626043,0.1927682867327408,0.1268328657464102,0.1867917893819582,0.1249485152369126,0.1481426985805715,0.0972828541076639,0.1317785285126413,0.0889348879852814,0.1450090800479699,0.0994642292272371,105.0,28.09,57.0,16.06,14.8,21.05,3.4,29.57,7.8,33.84,22.0,39.2,2262.1
PAK,2004,2373.3,2430.7,0.1686589494762008,0.2627538694108222,0.1100964148505402,0.2166213064192216,0.1398444946870968,0.1962100398346129,0.1276416391759136,0.1485222750557768,0.096757112877139,0.1352320497205034,0.0892116492414144,0.1503473318806308,0.0996303076328899,76.4,29.72,6.5,17.33,0.0,26.46,14.9,31.51,5.2,35.44,49.8,37.37,2387.8
PAK,2005,2585.8,2615.8,0.1777317130858756,0.2786371627149616,0.1182181331742976,0.2035584975573769,0.1362420696214766,0.2172878452432274,0.1430999544030224,0.1639171256500607,0.1082112179381165,0.1500514689917215,0.1002349409364939,0.155311870935229,0.1043337798102152,147.8,26.76,35.6,13.84,62.9,21.27,11.5,26.62,12.8,32.34,25.0,38.86,2373.3
PAK,2006,2518.6,2554.0,0.165799989988155,0.2575247588239239,0.1087872108781342,0.2023515738200776,0.131284202423403,0.19690926410878,0.1277253755420323,0.147521939104596,0.0957269232404784,0.1339993894747844,0.0896293029119252,0.1502467608577339,0.1010552571770215,124.6,28.92,6.1,20.12,22.3,21.52,1.9,29.37,34.7,37.06,59.6,35.93,2585.8
PAK,2007,2715.6,2743.9,0.1958974970807309,0.3001601713638588,0.1288103915192742,0.2312560513335014,0.1499275184100076,0.2301669701693164,0.1516686529755416,0.1810126264648897,0.1177629719360971,0.158376255350782,0.1050963565274064,0.1824538441610772,0.1223284654539863,325.9,27.79,69.7,15.42,47.8,19.85,2.3,30.85,14.9,35.22,191.1,36.82,2518.6
PAK,2008,2451.4,2653.7,0.1717313663753665,0.2596951704353687,0.1121483390625405,0.1921212083056941,0.1218467531956268,0.1973946953563881,0.1274813555231345,0.1628707756897345,0.1053261656367332,0.1466542657266957,0.0975678330558073,0.1616203558244316,0.109928151859132,190.6,27.86,5.0,14.73,0.5,25.34,74.9,26.99,29.1,34.56,81.1,37.07,2715.6
PAK,2009,2656.8,2789.7,0.1756505879099158,0.2710959276940624,0.1152047835880932,0.2185105069238579,0.1433668136521784,0.2023112022866172,0.1299807508438564,0.1611544349960692,0.1041113467289085,0.1455682956962856,0.0973175755308539,0.1549501277780407,0.1043630238030022,90.9,28.0,15.9,16.62,25.3,22.63,16.4,27.57,21.9,34.87,11.4,37.49,2451.4
PAK,2010,2552.8,2611.0,0.1674904188622312,0.2617243662553601,0.1109997261196154,0.2028711272131362,0.1327603510019834,0.1945508474938395,0.1287590923978218,0.1477660309314893,0.0967331262699983,0.1375186309455967,0.0914076252608074,0.1576718733186649,0.1075194598978826,58.0,29.68,14.6,16.35,9.2,25.78,2.8,32.12,9.5,35.58,21.9,37.63,2656.8
PAK,2011,2832.8,2953.4,0.187019608488634,0.287537642291608,0.1244382930418804,0.2177152787962409,0.1444716307281146,0.2173697708994368,0.1440607395888078,0.1762782433832568,0.1139276303995966,0.1569516767458765,0.1055402414147787,0.1690206626700444,0.1157905786072468,164.2,28.08,19.5,14.87,3.5,22.9,25.8,27.77,10.8,36.9,104.6,36.98,2552.8
PAK,2012,2713.8,2862.6,0.1711832903269124,0.2545919321849096,0.1130015721989052,0.1973254245987216,0.1267528140417021,0.1875084928693925,0.1253857315118268,0.1669564704494194,0.106654396854997,0.1511695206214945,0.1011312176155508,0.1552338972699028,0.1067103357876436,56.7,27.12,9.2,12.92,3.6,21.17,32.4,28.28,2.8,34.19,8.7,38.53,2832.8
PAK,2013,2795.7,3001.3,0.1916899035453819,0.2926660438652828,0.1262267918175925,0.2223639132176914,0.1424323717998083,0.2242055405391563,0.1488575014775524,0.1772226216483418,0.1157611946361675,0.160351801895224,0.1055751797180392,0.1780165337089791,0.1211610364694944,172.8,27.45,61.7,15.01,18.0,21.64,24.2,27.63,12.3,34.72,56.6,37.36,2713.8
PAK,2014,2824.1,3001.2,0.1856587185574643,0.2798018954245572,0.1219186707440621,0.2198725664937753,0.1444055537134254,0.2132082934802877,0.1393681958993114,0.1741590095089535,0.1106115686216605,0.1614684511116572,0.1057576863516813,0.1634666698950082,0.1122853256549115,144.1,26.87,7.0,14.82,21.5,20.68,65.4,26.95,29.0,32.37,21.2,38.73,2795.7
PAK,2015,2725.6,2942.4,0.1861494876411212,0.2820560119865532,0.1216877325165644,0.2175307031169189,0.1431572308576587,0.2141554204913119,0.1378713806809943,0.1699587536949797,0.1075349686480685,0.1610825603069378,0.1057402707751706,0.1718069966300352,0.1168596050982647,181.5,27.08,27.8,16.3,99.2,19.63,16.5,27.66,7.5,34.58,30.6,36.48,2824.1
PAK,2016,2779.0,3020.7,0.1867454817934696,0.2845757959378132,0.121909443860907,0.2197294699501579,0.1421720371755626,0.2129455016746766,0.137800983343872,0.172507501243542,0.1099618301621399,0.1564538970675427,0.1042288098484168,0.1739548807292657,0.1166996880361385,131.5,28.69,6.5,17.22,50.6,22.64,13.9,28.55,13.1,36.43,47.4,38.2,2725.6
PAK,2017,2972.9,3180.4,0.1844392653593463,0.2862394668901796,0.1220466740757033,0.2273885725036686,0.1493883229841888,0.2054837089860464,0.1359250762523267,0.1613741034825377,0.1045499313550505,0.1534099416552789,0.1009373525785274,0.1783589701670939,0.1222736968450324,138.3,28.5,9.6,17.2,11.2,22.37,39.5,30.16,10.3,35.63,67.7,36.31,2779.0
PAK,2018,2850.5,3149.0,0.179003665417426,0.2755930404328137,0.1175703058304405,0.220277016500087,0.1450471210201903,0.2042324601703999,0.1315556358018238,0.156754476370171,0.1009781181394348,0.1473893708330433,0.0977193052077349,0.1686387400312232,0.1142113711643104,149.9,28.31,15.2,16.99,13.3,24.13,33.2,29.12,16.9,34.0,71.3,36.51,2972.9
PAK,2019,2805.9,3160.6,0.1901449125713583,0.2892505427414123,0.1254875888694782,0.224009389594121,0.1489276872661369,0.2135214276335862,0.1411606094000183,0.1784027955853497,0.112940141088873,0.1696015587187175,0.1130506711965888,0.1697773680236598,0.114756846356757,131.3,26.95,26.2,13.89,17.6,19.68,39.5,29.37,23.6,33.23,24.5,37.73,2850.5
PAK,2020,2867.5,3353.4,0.2056649235317,0.3057954681844426,0.1347557632814734,0.235910122974549,0.1547694773942249,0.2292691981865707,0.1472529713775762,0.1959667089281349,0.1263714900956586,0.179666985340205,0.1195319408254942,0.1910844370219173,0.1284258045881859,412.6,25.12,34.7,16.09,206.5,18.4,38.3,24.57,44.4,31.59,88.7,34.64,2805.9
PAK,2021,2995.6,3489.4,0.188698035298578,0.2818161930073561,0.1236458576383629,0.2298214236234972,0.14877113070079,0.2051123715902331,0.1318745651120554,0.1684738743027916,0.1089019317659909,0.1643256613160743,0.1090591254140822,0.1784744620045774,0.1215113555586781,123.2,27.48,13.3,17.48,19.6,22.67,25.4,26.26,23.0,33.53,42.0,36.76,2867.5
PAK,2022,2919.6,3463.0,0.1859159711665022,0.2851009606572532,0.1224696248454282,0.2286828317464527,0.1504766030904434,0.2085786253732644,0.1352413723593824,0.1655799914803158,0.107403848719133,0.1544661364055419,0.1035553653943271,0.1746312618719791,0.1174119787427028,103.9,29.04,9.0,15.21,11.1,24.56,0.2,32.27,15.0,35.74,68.7,36.43,2995.6
PAK,2023,3117.6,3634.0,0.2079995665849425,0.3048877199664047,0.1361462301941151,0.2357832487198377,0.1551381908456298,0.2223498289978546,0.1401885011349056,0.1920798431363352,0.1222197505195277,0.1853565668458065,0.1235474520128591,0.207845455508602,0.1420343165196034,287.5,26.7,0.8,18.35,66.2,22.31,27.5,26.82,65.1,30.55,127.9,34.92,2919.6
TJK,2002,1789.8,1889.3,0.1239544537119514,0.2822706715327247,0.0726012436651918,0.0395135411955887,0.0141880854077496,0.0840616091866498,0.0421606783815029,0.1323733585730469,0.0773326909470395,0.1686289902812552,0.1020252469187639,0.1973824008286659,0.1289291874612499,224.5,15.33,51.6,4.42,55.2,10.52,74.7,14.63,34.3,19.8,8.7,26.55,1309.8
TJK,2003,1971.6,2100.6,0.121330443337536,0.2847753828563557,0.0718664976271475,0.0361128256883055,0.0121777357747059,0.0668933105227989,0.0324654074937654,0.1225255266268589,0.0708465310311655,0.1742701701397023,0.1083142379779826,0.2046046161842789,0.1339411393524306,230.9,13.8,43.3,3.98,69.0,7.76,55.3,13.04,37.8,18.56,25.4,25.07,1789.8
TJK,2004,1989.7,2150.4,0.130957266355775,0.2914504533523229,0.0744970751778913,0.0587771384638282,0.0235110695889165,0.0830045957370798,0.0416461403202475,0.1397614741864644,0.0768173111286331,0.1758140869925258,0.1044334865675209,0.1967864211856364,0.1255467972206858,142.0,16.23,19.2,6.64,71.4,8.96,26.5,14.47,24.1,22.74,0.9,28.03,1971.6
TJK,2005,1960.3,2164.4,0.1169159027258478,0.2856107357963017,0.0671204887827041,0.0151123411615567,-0.0025954636057281,0.0810838477705946,0.0380570043812671,0.1153179413630263,0.0643255326683767,0.1675826770184523,0.1042086692985019,0.20038411788022,0.1276979557763947,148.2,15.17,36.1,-0.99,49.0,11.52,22.7,15.17,35.6,20.36,4.8,28.68,1989.7
TJK,2006,1996.7,2158.7,0.1288673040106162,0.2927381369536071,0.0759854254792377,0.0416714870638785,0.0134536762346013,0.0839210714471852,0.0392173341653212,0.125920048844092,0.0714351786395876,0.1862066583114036,0.1189141348206261,0.2049009421077803,0.1354794614798617,97.4,17.29,25.7,6.5,33.7,10.3,24.1,17.08,9.6,23.81,4.3,28.06,1960.3
TJK,2007,2350.0,2440.0,0.1390334472322264,0.2986622723231692,0.0840985774850713,0.0513467718147977,0.0219646928683497,0.0796145021238519,0.0401466515266586,0.1487689249584557,0.0889287534298658,0.2006381725148213,0.1301690514311758,0.2131509518327724,0.138151594260717,201.0,16.23,43.6,4.48,66.3,7.86,57.3,18.05,33.0,21.87,0.8,28.18,1996.7
TJK,2008,1986.6,2141.0,0.1178887690136814,0.2689919063767217,0.0716091667141383,0.0091115492595295,-0.0020266891086391,0.0736668078445653,0.0397945900448592,0.122653182727183,0.0699039021495457,0.1792753948568717,0.1153746575717394,0.1993940151376798,0.1312072764548765,112.5,16.78,38.1,-0.53,16.1,13.63,28.9,16.72,29.3,24.24,0.1,29.12,2350.0
TJK,2009,3034.3,3119.4,0.1250547849540907,0.2749177662755062,0.0729305925787665,0.0458359673827582,0.0153466283156512,0.083458391713211,0.0446188769540381,0.135104802460466,0.0767945049832482,0.174733124360151,0.1081886724456486,0.1904800433196705,0.1228243765720371,234.7,14.66,48.2,5.18,58.0,10.04,76.7,12.01,33.5,20.55,18.2,24.83,1986.6
TJK,2010,3015.9,3117.2,0.1334995334862039,0.3014751023653264,0.0782922569176981,0.0413145166612318,0.0136024013500825,0.087084400652655,0.0476097599811855,0.1470065626011314,0.0857865078971668,0.1818714903027553,0.1118387485269408,0.2109024741625037,0.1332157188618412,224.1,15.44,75.7,1.85,26.8,10.2,53.4,16.21,48.6,20.97,19.7,27.04,3034.3
TJK,2011,2335.9,2519.3,0.1246182736093124,0.2817093895349459,0.0739790633592988,0.0285952304351047,0.0090766869977476,0.0606051616970199,0.0285447545904468,0.1233789442998248,0.0693631626896321,0.1927968428883927,0.1204918737545387,0.2121974560667274,0.1386118311102462,127.8,15.77,47.4,1.19,40.1,7.49,16.8,17.13,12.6,23.62,11.0,28.47,3015.9
TJK,2012,2675.8,2891.1,0.1191610819327865,0.2931803411120741,0.0720264961964036,0.0133506893917666,-0.0007233830730355,0.0474606948754969,0.020352703122873,0.1231039512618641,0.071074872948573,0.1899266726932142,0.123219994913082,0.2168691189421276,0.1427414403705703,131.8,14.24,41.9,-1.59,51.4,5.66,20.9,17.64,16.2,21.13,1.4,27.88,2335.9
TJK,2013,2973.5,3159.4,0.1396351821386728,0.2978530834325531,0.0847465587225457,0.0561769055522354,0.0261507226993509,0.0954457571658825,0.0514045393335533,0.1482113479066921,0.0880629351575307,0.1852369134544373,0.1171575666048334,0.2113586037022594,0.1396998465960311,171.3,15.66,23.3,3.6,79.0,9.87,45.9,14.27,12.0,21.43,11.1,28.3,2675.8
TJK,2014,2968.0,3189.4,0.1248134764428016,0.291654121406784,0.0747406984873747,0.0193207107226116,0.0040586060261065,0.0678549078788567,0.0343231547758908,0.130436884298257,0.0756137596720045,0.1850951799440844,0.1164852803230824,0.2173952570812042,0.1406326338287255,79.5,14.72,9.5,-2.39,25.1,8.17,23.5,13.87,16.4,24.07,4.9,28.66,2973.5
TJK,2015,3032.0,3261.0,0.1381370434107064,0.2964992924937202,0.0828192829468316,0.0567769656913527,0.0247482975212438,0.0942674473338917,0.0500704056731252,0.1471518166564911,0.0870387780914089,0.1868331611473119,0.1188290378547848,0.2077746705699343,0.1348861403459128,179.2,15.99,68.4,4.54,42.9,6.6,25.7,16.52,33.0,22.58,9.1,29.02,2968.0
TJK,2016,3082.8,3348.7,0.1488468448777018,0.3077738835710414,0.0888038156005359,0.0685137783869195,0.0339392239469281,0.1119891538143386,0.0626713922025038,0.1510023720412087,0.0879303106740141,0.1944240544613358,0.1205743309300007,0.2186549483513417,0.1390155156502042,163.5,17.15,4.6,6.33,56.7,12.53,28.3,15.63,59.7,22.88,14.2,27.99,3032.0
TJK,2017,3147.1,3459.5,0.1260628003204107,0.2988387463278917,0.0749127245672234,0.0251877201517829,0.0052691376020143,0.0734267361625718,0.0355482086931704,0.1206841517721674,0.0676246368352225,0.1891061715840354,0.1198423349393479,0.2186918912036298,0.1439933174741987,177.8,15.08,61.3,1.61,40.8,6.66,50.0,13.9,21.2,23.84,4.5,28.46,3082.8
TJK,2018,3048.3,3404.4,0.1320558633672845,0.2740167554966551,0.0798922472619734,0.0499835150064765,0.0236402943774263,0.0807640077555786,0.0421408422295679,0.142283710490798,0.0852533012610253,0.1809167430590084,0.1131426017481982,0.2088492255583398,0.1370092977008679,175.1,15.76,42.0,3.0,58.2,12.15,28.8,15.45,24.2,20.22,21.9,27.08,3147.1
TJK,2019,3170.5,3636.7,0.139659894813245,0.298217695167769,0.0826640783998694,0.0580204420735589,0.0246652411104075,0.0895552133387772,0.0501092801465399,0.1559590748470302,0.0928973657214801,0.1917090714489548,0.1169223705334935,0.2056013152244134,0.130536006306656,196.2,15.53,19.3,4.02,39.4,11.17,107.0,14.84,10.9,21.33,19.6,25.49,3048.3
TJK,2020,3138.0,3525.6,0.1433732331413948,0.2973970916968489,0.0843988104195316,0.0531934892412736,0.0228465436599906,0.0940980256412416,0.0477729949167044,0.1558341099890597,0.0894527044389656,0.1988103707264996,0.1254471442789748,0.2149294534775518,0.1364049065562497,214.3,16.07,63.5,5.23,21.4,10.33,73.3,15.4,51.3,21.94,4.8,27.06,3170.5
TJK,2021,3100.4,3885.1,0.1265423849210639,0.2819213514306456,0.0761771667919498,0.0589635892488177,0.0267634050271435,0.0812474105684628,0.0453744272349846,0.1117691905232896,0.0631778950249646,0.181484832554123,0.1146922266318207,0.2022103424173486,0.1330797514319331,225.8,15.52,100.8,5.07,83.6,7.37,22.7,13.96,15.0,22.31,3.6,28.24,3138.0
TJK,2022,3446.2,3926.0,0.1436846850200994,0.29141586310068,0.0884744150190355,0.0549469711288669,0.0243522681321972,0.0892031077321764,0.0488228502610095,0.1575586007693686,0.0992809672779882,0.2023768486385195,0.1312591043953441,0.2113783006486049,0.1361134259540871,251.6,16.39,29.5,4.71,132.8,8.06,12.6,19.29,66.4,21.07,10.2,28.17,3100.4
TJK,2023,3129.1,3732.8,0.1385499431493572,0.2936795429439122,0.0832491962930231,0.0642746494460383,0.0273207325702514,0.1112517209949291,0.0632448998969083,0.1504200049189498,0.0903032107523778,0.1721531953880577,0.1082329700320976,0.1954273706772163,0.1271754975725377,108.2,16.85,54.6,3.8,26.5,13.2,19.2,15.86,7.4,21.05,0.5,29.42,3446.2
TKM,2002,3186.3,2921.1,0.1575691346867708,0.2338900850317943,0.1077156833674718,0.1560910850149053,0.101268377733651,0.1829560025863422,0.1246493319539059,0.1862010198665373,0.126618780606246,0.1556394687596167,0.1078912513699517,0.1337131777959175,0.0957847372528285,61.1,19.14,14.3,7.58,24.2,13.97,11.6,18.85,11.0,24.12,0.1,30.44,2514.3
TKM,2003,2925.9,2769.5,0.1669294150247311,0.2410356984099583,0.1123340551555741,0.1464706011236221,0.0909367861756904,0.1797943398379083,0.1175117764024102,0.2052511501265385,0.1388216021334389,0.1791118578620263,0.1238997521773358,0.1520592598948915,0.1077562518904609,118.3,17.14,32.2,7.5,42.4,10.45,32.2,16.87,11.0,22.4,0.5,27.89,3186.3
TKM,2004,3170.7,2931.6,0.1692296921717736,0.2353641501751306,0.1134358806601834,0.1700932101495086,0.1099674484059088,0.1852939843609812,0.1214970802958844,0.2006314714691252,0.1325801914620626,0.1583599087040981,0.1087118768402698,0.1406468638664212,0.0996461232683934,75.6,18.67,7.9,9.05,38.5,11.77,23.2,16.0,5.7,26.08,0.2,30.1,2925.9
TKM,2005,3148.9,2926.7,0.1696951190025795,0.2527072607459604,0.112956769356407,0.1437131855890775,0.0877353422898624,0.2177522473701122,0.1391919408447839,0.1994512441912482,0.1357129956123843,0.1565475169063359,0.1086843556840412,0.1413491092516645,0.099426170063789,79.2,18.26,15.1,2.49,43.5,13.48,7.8,18.56,11.8,24.53,0.9,31.12,3170.7
TKM,2006,3524.3,3288.4,0.1502305707315555,0.2175394819263023,0.1006961356769926,0.1519116927384369,0.0917421156181507,0.1798806195864136,0.1188778845483993,0.164673121541493,0.1112897249160181,0.1374039259984398,0.0959697377287965,0.1295594380972395,0.0925890148650801,69.1,19.92,9.7,9.36,30.8,12.1,27.9,19.47,0.3,26.78,0.5,31.22,3148.9
TKM,2007,1300.0,1300.0,0.1591526237827897,0.2352723172925115,0.1095846520584109,0.1518261837179301,0.0993398272905026,0.1752714122726922,0.1158927473584681,0.199646103461877,0.1384096854169206,0.1515986055098219,0.1076872961160242,0.1355894703089133,0.0974778265482876,102.8,18.69,22.0,6.51,75.9,9.54,3.1,20.27,1.2,25.34,0.5,31.04,3524.3
TKM,2008,1100.0,1100.0,0.1227044039009739,0.1773941203496495,0.085769509161534,0.0997155637737551,0.06396220103401,0.1429402200219207,0.0993565418396593,0.1363764619362837,0.0947731098842595,0.1259198239659537,0.0899509992356786,0.1176559042038655,0.0862811460531842,25.5,19.81,10.6,1.78,11.2,16.39,2.4,21.38,1.3,27.37,0.0,31.39,1300.0
TKM,2009,1600.0,1600.0,0.1555971398642393,0.2272603983865059,0.10761800961615,0.1388783809850202,0.0903559642023109,0.1689126596009376,0.1169004956444265,0.1936174208643825,0.1317508740561653,0.1573157885581009,0.1107510864446693,0.1337061154191007,0.0972385238168505,150.6,18.17,51.8,7.7,36.9,13.59,49.7,14.59,11.8,25.22,0.5,28.95,1100.0
TKM,2010,1700.0,1700.0,0.1543151921206434,0.2307420269273615,0.1055408786326653,0.1428051101931718,0.0919650627799278,0.1890179078505536,0.1271496281985859,0.1857383551884618,0.1261555500854915,0.1478281941666942,0.1033859952373497,0.1312406026169582,0.0944978375696178,86.5,18.69,17.8,4.95,33.5,12.32,19.4,18.7,15.8,25.14,0.0,31.43,1600.0
TKM,2011,1361.9,1366.0,0.1299557518022966,0.1863337043932922,0.0906042256430829,0.1140057629972706,0.0726111095075559,0.1454650581767052,0.0986007656868577,0.1437654390301653,0.1013605969903337,0.1326522490217783,0.0951908543988902,0.1247734923167155,0.0912770255534692,75.8,18.36,46.4,3.25,9.3,9.53,3.7,19.78,15.3,26.58,1.0,31.65,1700.0
TKM,2012,1453.6,1490.8,0.1427644903274924,0.2213937362976629,0.0989174103512246,0.0948882230500099,0.0587312139638587,0.1620646656568662,0.1089844105293234,0.1807561124462788,0.127213714775924,0.1479305600786968,0.1052667944430187,0.1364358221010341,0.0994500188812305,61.5,17.76,34.3,1.06,15.3,9.33,3.0,21.2,8.8,26.33,0.1,30.32,1361.9
TKM,2013,1572.8,1643.1,0.1535028826615066,0.2246927446671872,0.1057772554042399,0.1527807083252941,0.0993514912404207,0.1984118825304747,0.1322809602664656,0.1771936199943408,0.1221531009382081,0.1403216824164899,0.0995056220859797,0.1303984656142019,0.09480432755934,67.2,18.35,11.4,7.15,40.5,11.79,14.4,16.65,0.9,24.65,0.0,30.78,1453.6
TKM,2014,1642.4,1738.3,0.1240041500798411,0.1800269377345829,0.0868052137334983,0.1028660701259417,0.0683812290125002,0.1411533528379209,0.0935015000108256,0.1477857100493857,0.1033001154200659,0.1268685304333624,0.0917193202200833,0.1183970494614419,0.0869083336159333,10.1,17.7,0.2,-0.07,4.8,10.69,2.1,17.88,3.0,27.04,0.0,31.7,1572.8
TKM,2015,1811.5,1909.5,0.1629938700767739,0.2414098262773159,0.1137316777133808,0.1521824150976399,0.0979814346950339,0.1925731059934833,0.1317475915742649,0.1967745154642692,0.1389688957238647,0.1518362596596027,0.1083494051030867,0.1382206285480641,0.1019714575285365,107.9,18.44,67.8,6.31,26.9,8.69,2.7,18.61,10.4,26.03,0.0,31.83,1642.4
TKM,2016,1834.3,1880.2,0.1642044587828036,0.2371618289250261,0.1103969888797091,0.1646409222561111,0.1087518058779086,0.2008873577931304,0.1301427470559232,0.1958168759646752,0.1311707802438682,0.1510135645520778,0.1038306338736177,0.1356667148882356,0.0960295720983309,118.5,19.29,10.5,6.74,26.9,13.86,56.8,17.92,22.3,26.44,2.1,31.01,1811.5
TKM,2017,1796.1,1843.8,0.154727117336012,0.2260322268945955,0.1060594104464229,0.126594643647698,0.0788993109260708,0.1547875117124583,0.1024981670196023,0.195244907817365,0.1350059262092336,0.1593984467304495,0.1130240131924247,0.1431187934960455,0.1043932321883779,94.8,17.75,61.3,2.1,24.2,9.66,6.1,17.41,3.0,27.28,0.2,31.2,1834.3
TKM,2018,1426.6,1496.8,0.1287891491017151,0.1875763351915023,0.0901943262327414,0.1165534554190376,0.0770767349125833,0.1602638294239851,0.1089469467118674,0.1452654795695001,0.1015944672409247,0.1248335398879368,0.0893963464459813,0.1195952370192509,0.0873163504860553,78.4,18.65,34.4,5.5,17.6,15.38,4.2,17.12,21.0,24.12,1.2,30.2,1796.1
TKM,2019,2172.6,2214.1,0.197470858294945,0.2949064688872537,0.1344544430436603,0.17210928659081,0.1093207012912046,0.2257337303549695,0.1517617922914907,0.2576773500268942,0.1773662520945121,0.1894064985503914,0.1304619154626417,0.162505590335444,0.1156055739237626,225.1,17.71,72.8,5.29,41.1,11.95,104.5,16.21,5.3,24.68,1.4,29.57,1426.6
TKM,2020,2141.5,2191.4,0.1646056707825943,0.2266669123213501,0.109753611022918,0.1565849412003103,0.0968085149296437,0.1847316636109284,0.1216129910703578,0.1934195114013573,0.1283617041431418,0.1625083438253791,0.1110906105331946,0.1396364241478526,0.0994347862127531,216.3,17.89,37.0,6.69,46.5,11.19,88.6,16.95,43.9,24.17,0.3,30.09,2172.6
TKM,2021,2007.6,2121.4,0.1368433183251411,0.1889359884853635,0.0956217024256899,0.1356648031710488,0.0893735126660292,0.1459206534787676,0.0979695160819964,0.1516516657913157,0.1070716017837023,0.1325338913040417,0.095579108424878,0.1258218002971356,0.092601029988307,44.4,19.65,7.4,7.71,29.6,11.01,3.2,20.11,4.2,26.68,0.0,32.01,2141.5
TKM,2022,1719.2,1892.4,0.1355666434122099,0.1983031795078014,0.0965366884343833,0.1292081354386227,0.0878051743088584,0.162794405853505,0.1159554290948052,0.1540295326866657,0.1081189577133945,0.1316091695670466,0.09473139868975,0.1185391808462054,0.0876830345297509,53.4,19.49,16.5,7.54,13.8,11.14,10.4,21.89,12.6,24.21,0.1,31.97,2007.6
TKM,2023,1658.2,1834.2,0.1176941338516622,0.1676658750489953,0.0837349212895983,0.1275042097851046,0.0860222280851417,0.1336194406407926,0.0921793698298362,0.12007261849427,0.0866069086745628,0.1142391644783961,0.0833123509537743,0.1116035055227783,0.0825335740870634,36.2,20.57,18.0,6.39,8.8,16.85,5.7,20.49,3.7,25.63,0.0,32.51,1719.2
TUR,2002,2100.6,2242.0,0.3435334263398924,0.5339705007488281,0.2077772737204405,0.2127657133051285,0.1007180761335718,0.2593507764731852,0.1411271724601172,0.3679943906644901,0.2185900191196863,0.4524758658091879,0.2974408218573435,0.4341092335213282,0.285694928398026,176.3,9.93,17.6,3.08,36.9,5.9,87.9,8.12,23.8,13.51,10.2,18.62,2076.5
TUR,2003,2098.7,2308.6,0.3260648856842386,0.5307692342096122,0.1992313089830551,0.1586745152285565,0.083259320543439,0.2324171816144762,0.1238738152093205,0.3605961525299384,0.2121019293559448,0.4545497364566528,0.2955297818347928,0.4280827753146253,0.2824149886890317,221.0,8.26,64.1,-2.56,47.7,0.82,61.7,7.74,37.4,15.67,10.2,18.93,2100.6
TUR,2004,2265.8,2477.9,0.3562065491046079,0.5384964352859416,0.2152978747450367,0.2081871776518688,0.1047106822616712,0.2961608898506496,0.1621480634364626,0.3797463901025484,0.2249696840547549,0.463977701912939,0.3001807676362092,0.440466900474955,0.2878104136703894,128.2,9.35,25.9,0.12,7.0,4.51,38.1,8.74,18.8,13.96,38.3,19.11,2098.7
TUR,2005,2330.9,2634.5,0.3454868660212755,0.5322411753042297,0.2088102050875708,0.2003541483860293,0.0986202756900362,0.2713593553830017,0.1451742394533026,0.371119259327888,0.2226832298726477,0.4536184938654697,0.2924912979233762,0.4352829035320167,0.2864894078464789,118.9,9.57,33.2,-0.07,22.7,4.55,37.6,9.3,17.2,14.65,8.1,18.78,2265.8
TUR,2006,2359.5,2661.9,0.354122596685453,0.5463189808168938,0.2161417781270334,0.1808998191808905,0.0898973423151483,0.2958889624741826,0.1645929998860053,0.4124419909221636,0.2519909433300812,0.4718866012309345,0.306782810770984,0.4151098232020804,0.2698668087185559,168.1,10.42,45.6,0.59,44.4,5.23,48.5,10.26,17.5,14.79,12.0,20.59,2330.9
TUR,2007,2167.5,2410.2,0.3487084947952217,0.5362664563263292,0.212329120459263,0.2069732199077718,0.1036864515384738,0.2962143207390879,0.1642272159204167,0.3772702057770678,0.2284322287665811,0.4504387128599721,0.2919880999568975,0.4182347844562748,0.2757160941084724,103.7,10.25,33.6,0.66,21.7,4.55,15.8,7.12,17.8,17.05,14.7,21.17,2359.5
TUR,2008,2345.1,2601.3,0.3420474172650768,0.5161008742681191,0.2094168566628532,0.1738089330890979,0.0848706847994037,0.2859014891397836,0.1590576636210901,0.4002545702435434,0.2515904187990893,0.4446733371180335,0.2871233393582924,0.4106290455923136,0.266407087972026,118.3,10.4,24.0,-1.13,47.1,6.85,18.1,11.52,21.0,14.0,8.2,20.37,2167.5
TUR,2009,2566.4,2807.8,0.3759193777400099,0.5662822829698627,0.2337788420699809,0.2364853006862668,0.1269109016893826,0.323019796064933,0.1823161620529026,0.4109877655957495,0.2569849487140988,0.479598406234519,0.3172266867322372,0.438036961129903,0.2899448883161362,203.9,9.39,60.2,1.63,36.7,2.78,46.1,8.84,54.4,13.41,6.5,19.85,2345.1
TUR,2010,2440.0,2725.6,0.3975012997259413,0.5659238674654553,0.2423111761356066,0.2793087326216294,0.1476697351330536,0.3720616146275029,0.213276872751332,0.4403659680747334,0.269904743645629,0.4668326919400405,0.303545524622731,0.4371795679539067,0.2816269639362208,172.7,10.9,47.6,2.98,13.9,6.36,37.5,9.46,25.4,15.75,48.3,19.43,2566.4
TUR,2011,2703.8,2970.0,0.3976765658320391,0.6010177768852818,0.2453977251569929,0.2586617819139272,0.1348751933362096,0.3100839086520441,0.173451625226325,0.4205370195967698,0.257219864012319,0.5157778056536176,0.3396617729674053,0.4899138372567116,0.3246997664627761,283.6,8.58,57.0,0.88,37.7,3.8,74.6,7.64,54.2,12.56,60.1,17.54,2440.0
TUR,2012,2672.3,2958.4,0.3280102408370448,0.5482617464233474,0.2015647001723127,0.1337808366636534,0.0658908288426875,0.2042813083901601,0.1081491539323708,0.3639378167701182,0.2216915431659342,0.4842624013808862,0.3119943278126862,0.4545353580176089,0.2992127200701155,169.7,9.18,53.9,-1.88,29.3,1.62,15.5,11.1,58.5,14.09,12.5,20.7,2703.8
TUR,2013,2845.1,3256.9,0.4135882198129761,0.5879958177301986,0.2541681962051136,0.3051810543611104,0.1561387648105007,0.3644723963988488,0.2129065275739534,0.4627306247678869,0.2895612062819137,0.4985235391683586,0.3271621646276588,0.4450320087248732,0.2892533921373645,159.4,11.27,45.6,3.19,12.1,5.41,46.9,10.67,44.9,16.58,9.8,19.98,2672.3
TUR,2014,2429.4,2832.1,0.393569579395552,0.5545384633975019,0.2360975598376941,0.2807017820960983,0.1417940659033248,0.347478372935716,0.1937014550107096,0.4251577751620107,0.2587386205439621,0.4774816145096634,0.3041685739462773,0.4444244605090938,0.286384415049877,151.5,11.07,24.6,3.78,33.4,5.9,22.4,11.15,41.6,15.14,29.6,18.93,2845.1
TUR,2015,2880.3,3307.8,0.4145006185652571,0.606445126531497,0.2535106019778211,0.288357178821676,0.1507248728563805,0.3523774565547654,0.1990785437284357,0.447292359088736,0.2728379094937044,0.5124296355804874,0.3370822878686159,0.4811072280035826,0.3130603543800253,266.2,9.2,53.3,0.86,73.2,4.8,14.5,7.19,53.6,15.09,71.6,17.46,2429.4
TUR,2016,2707.0,3105.4,0.4051691749955611,0.5797512204894731,0.2473469563430346,0.2739254274672442,0.1362591897027212,0.35707674972871,0.1994860733273788,0.444880245037744,0.2785486664443957,0.4930819080161404,0.3218825862375526,0.4636657305811625,0.3042262150272262,132.3,11.85,13.7,4.98,40.7,6.09,12.1,13.1,48.3,14.33,17.5,20.65,2880.3
TUR,2017,2806.0,3257.4,0.3698314190083096,0.5744678654684104,0.2245393332196765,0.1927666417757678,0.0948072444229945,0.2884737255715552,0.1526907209104607,0.3983188752672251,0.240909287168261,0.49329995712293,0.3227154785110535,0.4829999221223993,0.3152053366928901,176.4,9.72,2.7,0.49,76.9,4.83,24.3,8.98,54.2,14.17,18.3,19.53,2707.0
TUR,2018,2744.0,3163.9,0.4335058234375152,0.6040951792614632,0.2647276365396959,0.3081433784031681,0.1599017218149448,0.4077918458718068,0.2324838600069047,0.4778663030974532,0.3050091820549276,0.505123339849746,0.3244260900610408,0.4756674575355905,0.30625770224746,184.4,12.65,22.6,4.68,36.3,8.03,6.6,12.52,42.8,17.14,76.1,20.34,2806.0
TUR,2019,2781.1,3200.8,0.3957649782314372,0.5851642085711053,0.2400293578000434,0.2851045056593378,0.1408249156888383,0.3304944010121539,0.180233027045903,0.4035458090955786,0.2459889373864012,0.4994423102733006,0.3301223240882717,0.4651575472024307,0.3051571852800649,172.0,10.2,27.2,2.04,28.6,4.26,45.8,8.16,11.1,16.09,59.4,19.91,2744.0
TUR,2020,2964.7,3341.5,0.3940464850562067,0.5849590717865235,0.2403080842759377,0.2496196612900209,0.124598666411942,0.3236898869889013,0.1801984583417084,0.4316228409172911,0.2607117636604095,0.4974760238618388,0.3269736479736139,0.4717988219842784,0.3112456661812715,184.7,9.86,52.8,1.24,40.2,5.4,22.7,8.9,47.3,14.6,21.7,18.85,2781.1
TUR,2021,2664.9,2918.5,0.3864675399781974,0.5583140095077715,0.2355955499808566,0.2871311895852245,0.149610586895204,0.3126702604995386,0.1770687535579083,0.4284998398049598,0.2595769327083565,0.4722780306593393,0.308891631761477,0.4376734513309675,0.2863133693025189,126.6,10.26,14.1,1.74,53.2,3.12,20.7,9.97,3.0,17.46,35.5,18.45,2964.7
TUR,2022,2991.6,3464.7,0.352298471479919,0.5596135698701398,0.2139084500394826,0.2099960096409396,0.1017315104286354,0.2407979628002652,0.1345605338652356,0.3689033156028807,0.2216688283879843,0.476506613069995,0.3094610270505984,0.4687764511936111,0.3035507316030631,157.9,8.94,60.1,0.74,45.5,-1.1,5.8,10.93,26.9,14.15,19.8,19.59,2664.9
TUR,2023,3219.9,3659.1,0.4091597397936275,0.6115150760214572,0.2514624992016278,0.2153284584597645,0.1154066946198871,0.3606684683944202,0.2057787944120665,0.4553525767380624,0.2772830184854433,0.5144848524640706,0.3360853756543596,0.5041944828341702,0.3248458165472347,261.0,9.51,22.6,-1.0,49.7,6.15,47.8,9.17,79.4,14.23,61.5,18.25,2991.6
UKR,2002,3045.5,2752.2,0.5089890223991198,0.7450655114195901,0.2838892198693107,0.3402060055407425,0.1391566091601146,0.3785709457351957,0.1677807961753539,0.5250180156583989,0.2828527518567246,0.655841002235091,0.4157482954610874,0.6531861295774551,0.4172988329152653,214.7,9.96,34.5,1.26,29.2,3.9,28.6,8.61,65.0,15.76,57.3,19.72,3102.0
UKR,2003,2938.5,2278.4,0.3588083516758054,0.7021946917737028,0.2018398894006287,0.0454766996298411,0.0251582882635074,0.1632882970028549,0.0654309938452317,0.3751933905513648,0.1773048000822898,0.5835737244523258,0.3468212339963172,0.6298445328456993,0.3961447116641878,147.5,5.75,26.2,-10.29,29.3,-3.28,42.5,5.24,17.7,17.75,31.9,18.14,3045.5
UKR,2004,3166.1,2845.2,0.4434058469232023,0.7465001322482739,0.2498760985221779,0.1290093285526319,0.0629869015907138,0.303373379154178,0.1283037655747377,0.4714523556084711,0.2369155165597294,0.6394587886175094,0.3893504688834784,0.6779559281848545,0.4336996674238541,282.8,7.0,46.4,-5.33,37.1,2.5,21.2,7.38,112.9,13.09,65.1,16.89,2938.5
UKR,2005,2845.7,2623.0,0.4141474153384287,0.760902416805291,0.2425379357328149,0.0665790118361104,0.0340976091139443,0.2148768981342504,0.0943373242443329,0.4465876682008169,0.2247242193554635,0.6525228968272768,0.4023844301928734,0.6932614487565714,0.4585944966308569,253.3,6.82,64.6,-7.26,24.8,-3.64,26.6,9.28,30.3,16.8,107.1,17.98,3166.1
UKR,2006,2530.8,2427.7,0.4002040409630335,0.7712359726214006,0.2315459442468219,0.0521828802974091,0.0274996031164751,0.1814922069369952,0.0768940368123441,0.4140717476853838,0.1964702206602132,0.638519806912753,0.3894331788828134,0.7188662671778465,0.469450380513005,271.7,6.51,29.4,-9.24,75.2,-1.01,18.9,7.84,59.4,14.24,88.8,19.67,2845.7
UKR,2007,2342.0,2206.7,0.4614049900369456,0.7255995942972493,0.2611546106634536,0.1908862343354245,0.0882786299946957,0.3735393565588722,0.1659836921131647,0.4902279295569933,0.2548836610094349,0.6326149764331906,0.3935916300448838,0.6254400629174889,0.4055155916296069,176.3,9.69,25.3,-4.91,24.7,3.68,14.5,7.9,34.7,18.4,77.1,22.33,2530.8
UKR,2008,3669.8,3486.9,0.5248602343587323,0.7699290444573528,0.3048376929482397,0.3201636563289708,0.1363558789276922,0.3771768579334367,0.1705476557890653,0.5657016390464863,0.3143488731184882,0.6836011029549354,0.4517937220526345,0.6817143226968922,0.4530212553561627,216.7,9.26,13.4,-2.35,48.5,4.31,71.6,10.74,50.6,13.7,32.6,19.56,2342.0
UKR,2009,3093.0,3003.8,0.4647944967308192,0.7437567389004656,0.2672592981844443,0.2071864949315361,0.0945463870868223,0.3402511283125186,0.1590415176958857,0.4804444979712531,0.2507765611160041,0.6441356177932667,0.4041261592932685,0.6558646944741415,0.4297021845140104,238.2,8.73,54.2,-2.69,69.8,1.31,1.9,7.72,74.2,14.6,38.1,22.02,3669.8
UKR,2010,2681.6,2726.6,0.4208275651148742,0.7613167012741977,0.2474036690012176,0.070948953777413,0.0309367239999941,0.2334369147549667,0.1042924258365025,0.4678105588529372,0.240766339968499,0.660803013846105,0.4168557188448009,0.6736622093686461,0.4454394640566647,250.6,8.13,85.3,-5.78,27.4,-1.31,17.9,8.83,66.2,16.48,53.9,21.54,3093.0
UKR,2011,3353.3,3753.7,0.4445889110899538,0.770553822805518,0.2599777968824261,0.1494222496734666,0.0722515628121973,0.299433482136239,0.1327380813969527,0.4496484249718039,0.2312257937370031,0.6494247837524723,0.411448021457861,0.6790316034469783,0.4541899296055441,237.9,7.09,23.6,-9.54,13.9,-0.88,45.7,7.46,37.9,16.24,116.9,21.04,2681.6
UKR,2012,2799.9,3156.8,0.4090398299824844,0.7410442758021489,0.239823978000613,0.0412754168835031,0.0242910706667523,0.2588985859876435,0.1097626327961349,0.4503259548058735,0.2299752376058302,0.6368089761535196,0.4018719478397539,0.6622879202894519,0.4354251863628828,160.1,8.27,29.1,-12.13,26.3,-0.89,30.4,11.98,37.0,19.33,37.3,22.33,3353.3
UKR,2013,3393.1,4030.8,0.4377217370451464,0.7682274122584644,0.2621273682154456,0.1522761256770068,0.0725831250428595,0.2203332373195931,0.1064562026863984,0.4895784576165252,0.2630834496233502,0.6473970769459673,0.4143661796327216,0.681953573972454,0.4557412983512858,222.8,9.22,26.5,-2.78,85.2,-1.33,18.2,8.83,39.0,18.83,53.9,21.79,2799.9
UKR,2014,4011.9,4400.2,0.5063905783627961,0.7792621230800482,0.3004230243552072,0.2212399308267085,0.1007050178466263,0.412453211145602,0.1842755546750139,0.5453967608478429,0.3030537614026757,0.675117542986096,0.4435121993799734,0.6829056054351522,0.4728829935889239,242.1,10.14,17.4,-2.58,13.8,4.46,40.7,9.36,62.2,19.01,108.0,19.5,3393.1
UKR,2015,3879.2,4140.9,0.4733584663871092,0.7706223237250762,0.2742440428476612,0.2398740181747619,0.1051729425656717,0.339295065028794,0.1456277215887123,0.4525993989882067,0.238003282141383,0.6563560309921225,0.4190287617107843,0.6852631640209801,0.46643385354714,350.3,8.69,49.0,-3.71,71.1,2.47,54.2,7.64,62.5,15.43,113.5,20.78,4011.9
UKR,2016,4205.6,4651.6,0.5042417310669985,0.7925706446420924,0.2918837814622008,0.2715935342102851,0.1119640197670994,0.3611980504315839,0.15726000259976,0.525364832967634,0.283253403889087,0.669395922763484,0.432165686839616,0.6974009051392452,0.4766444643445455,359.2,9.6,43.5,-1.63,68.0,2.83,59.4,11.52,125.3,15.25,62.9,19.68,3879.2
UKR,2017,4109.7,4314.6,0.4636265594380569,0.7630934776519166,0.2663643155415614,0.1593717541967011,0.0689565901762158,0.3524428659215162,0.1528529409863331,0.4912789122206281,0.2599599303436177,0.6413365372195688,0.4007593104441873,0.678682893836145,0.4515976057526045,140.7,8.38,23.7,-5.96,12.8,3.69,45.8,8.37,33.4,14.12,25.0,20.71,4205.6
UKR,2018,3724.2,4850.3,0.4232743733851084,0.758306543421895,0.252583974561908,0.1218552387841672,0.0613201454596759,0.2016771412238451,0.0922634004077462,0.5028153251379915,0.2711547266901923,0.6411461836577412,0.4041561866715824,0.6513088130034831,0.435371651154151,279.9,8.15,43.2,-4.71,107.6,-3.95,32.5,10.52,38.2,17.33,58.5,20.79,4109.7
UKR,2019,4156.6,4978.3,0.4908421527972731,0.7873278976266781,0.2893886453234311,0.2381380340096809,0.1082400926565649,0.3671120955631541,0.1694489414667923,0.4942074845607874,0.2626270296273247,0.6775673081186941,0.4401132355553226,0.6801978317396501,0.4680179656784748,195.3,10.36,14.5,-3.04,25.6,2.71,34.4,10.03,75.7,17.24,45.0,24.0,3724.2
UKR,2020,3795.0,4295.6,0.4879946160597671,0.7705260024355982,0.2712724272902743,0.3096305328761691,0.1309855472374538,0.4073392861271434,0.185216470491823,0.4510993816745409,0.2342017436413699,0.6005770102635161,0.3640736943457555,0.676763755427922,0.4440479264081608,281.7,9.59,60.2,-0.49,21.4,5.47,23.1,7.46,119.6,13.4,57.4,21.8,4156.6
UKR,2021,4533.2,5454.6,0.4608969896873758,0.8036913733774291,0.2763491944398981,0.1674639412682037,0.0800848519143778,0.3232861656734687,0.1476663882412743,0.4575798822182809,0.2383207434090503,0.6383368521285505,0.4066772380226427,0.7211225765568839,0.5106968113107899,312.4,7.17,74.5,-7.68,20.2,0.51,48.1,7.13,62.4,14.86,107.2,19.98,3795.0
UKR,2022,3924.9,4614.2,0.4649231106069769,0.7555550611246239,0.2675855320668434,0.282404278412935,0.1187234294743982,0.3125890328846991,0.1399377279784397,0.4427162089669876,0.2355901632017167,0.6249553466985526,0.3971409865619009,0.6660612065566786,0.4483897142592118,229.4,8.69,24.6,-0.85,27.0,0.41,83.4,8.79,37.6,13.21,56.8,21.36,4533.2
UKR,2023,4642.2,5578.1,0.4988657646853141,0.7749970882304134,0.2916299963631749,0.2858955153537986,0.1297352261157566,0.3705690771515539,0.1700199903041193,0.5244368891915899,0.2880917339566916,0.6369765378718989,0.4092235001239356,0.6788326341563693,0.4622824402038039,304.8,8.69,42.3,-2.91,46.9,3.54,117.2,9.2,42.0,14.22,56.3,18.6,3924.9
USA,2002,2356.7,5546.8,0.4012848352306983,0.5745155442077413,0.2423704177626719,0.2901224617600834,0.1519479885945112,0.291078347302206,0.1601286625871825,0.4064485788326666,0.2374376316532706,0.4826884657891169,0.308676539230407,0.537613804235054,0.3546789084771825,372.5,13.44,20.0,2.19,14.2,5.75,75.3,14.92,120.0,18.47,143.0,25.21,2701.8
USA,2003,2971.2,6023.7,0.4165888346630205,0.6020978006474315,0.2538305365908402,0.2624313171496,0.1406987892676909,0.3271709608382061,0.1812179839122562,0.4216290617815398,0.2521048971149432,0.5121551233377262,0.3260747632424292,0.5606254395875069,0.3698284924568668,436.7,12.74,45.4,0.66,95.6,6.82,106.7,14.02,108.5,18.64,80.6,22.78,2356.7
USA,2004,2902.6,6851.1,0.4101730758603578,0.5965816517587696,0.251265398270848,0.2272732352262752,0.1202190499518569,0.3290808208158651,0.1796235309897794,0.4322809985603342,0.2579293494485173,0.5043273356164338,0.3285060155477669,0.5590460504909043,0.3708690252097791,475.8,13.73,35.9,1.2,112.1,9.6,95.3,13.54,63.9,20.92,168.6,22.85,2971.2
USA,2005,2823.1,6450.7,0.4326047565767774,0.6225801274597252,0.2614522230272196,0.2978175108581807,0.1532467433948449,0.3354055747556562,0.1834935574679081,0.4337643409472771,0.2568635322347393,0.5186302972157508,0.3312026317637234,0.5785886654959554,0.3832508581102977,387.9,14.33,42.2,4.65,42.0,7.7,36.3,14.02,72.7,19.62,194.8,25.03,2902.6
USA,2006,2598.6,6400.4,0.4156854953417743,0.5871658372217987,0.2543939871491862,0.2879883810133518,0.1530650306128741,0.3120247053493912,0.1736958159117595,0.4256960867296822,0.255076722130364,0.5052579186936738,0.326166593525919,0.548814156033149,0.3649074382795588,329.0,15.16,0.4,2.0,53.6,9.0,69.4,17.8,113.4,20.49,92.2,25.64,2823.1
USA,2007,2704.6,6704.4,0.4233186529950477,0.6089246843658195,0.2590829595607222,0.2432146077644936,0.1281354877619303,0.3450955761556505,0.190919393967732,0.4301355785817436,0.2529468695205805,0.5299757571463057,0.3422201477778058,0.56918455054933,0.381958810888737,669.5,13.83,16.1,1.21,151.0,12.59,78.5,11.33,194.0,19.98,229.9,23.06,2598.6
USA,2008,3017.5,6598.3,0.3905954917979775,0.5835448411782733,0.2397482361483707,0.2399430210516467,0.1285963992792132,0.2947002442468113,0.1646562151456385,0.3872557655849987,0.2323501666110946,0.4858733891079149,0.3109983791610667,0.5462157414078007,0.3629339759593249,569.0,12.7,54.5,0.63,55.0,6.94,70.1,11.92,210.2,19.33,179.2,24.23,2704.6
USA,2009,2989.7,7226.2,0.4028211041644395,0.5961017210667697,0.2456294177823303,0.2601856476373207,0.1386088888336877,0.301527595786575,0.1676081129596834,0.3899542381774468,0.2295266314368327,0.5030396533113988,0.3216443813250305,0.5606590959164068,0.3716291035934633,472.6,13.59,15.9,4.42,77.1,7.46,176.5,12.47,76.0,17.9,127.1,25.15,3017.5
USA,2010,3116.7,6978.1,0.4151151455531113,0.6184593695903571,0.256443552591981,0.216325290238088,0.1129817507581473,0.321020683408096,0.1748987370388291,0.4377825806513686,0.2685603734045103,0.5198648716412214,0.3386578608727412,0.581662470698366,0.3879389231197697,402.3,13.78,25.4,-0.48,45.0,7.56,46.2,15.74,150.4,18.85,135.3,26.3,2989.7
USA,2011,2942.2,6803.5,0.3932644861361012,0.5907927383149584,0.2416967338550661,0.2375556451669332,0.1270595670619393,0.2932317357145389,0.1656078398413609,0.3989930199031422,0.2386335770889392,0.4871389332725637,0.3119361665054401,0.5506654226497857,0.3661155902275469,207.2,14.79,29.4,0.69,30.5,8.11,31.4,15.07,60.9,19.94,55.1,29.28,3116.7
USA,2012,3115.4,5911.9,0.4342300040851148,0.5874955744337271,0.2676355022060697,0.3007034078081488,0.1607707215664265,0.3677095702377071,0.2079111180001688,0.4534243223122556,0.2755294105901841,0.5086563482375176,0.3326471296767576,0.5419366049491395,0.3621696457292985,377.5,16.76,82.5,3.87,74.5,13.91,98.3,16.87,50.6,22.46,71.6,26.18,2942.2
USA,2013,3167.3,7300.9,0.3947372009622979,0.5851405265477301,0.2419792912703896,0.263671547829447,0.1390694780682931,0.2968653758013529,0.165304999304922,0.3806783369491919,0.2270783265585214,0.4904349839877756,0.3158713791756806,0.5428559989353855,0.3632222494022582,368.7,13.02,51.5,2.41,36.1,6.22,80.8,11.01,123.7,19.05,76.5,25.7,3115.4
USA,2014,2937.8,7638.1,0.3936774617592051,0.5987049328595891,0.2424084216122676,0.2332096909313811,0.1248863815241138,0.2991260776092295,0.1654937570038817,0.3905328471740631,0.2314268715666085,0.4850333250998056,0.3129112986220267,0.5615546940405782,0.3780868984139318,335.8,13.03,13.7,-0.75,18.5,5.11,19.1,13.79,62.9,21.27,221.5,24.79,3167.3
USA,2015,2929.9,7430.1,0.4288239831655464,0.6211808801433979,0.2617096430615809,0.2673761394308853,0.1394052666998617,0.3405043187880138,0.1835781065439986,0.4348981830469696,0.2580691968982904,0.5220773135919361,0.3392372647862183,0.5802947381969016,0.3889074611173318,443.3,13.91,10.2,-0.34,11.1,9.43,97.1,15.55,244.5,18.13,80.5,25.84,2937.8
USA,2016,3540.8,8614.2,0.4377186754761925,0.6135458889686672,0.2666311908219764,0.2855264105643766,0.1532790115339849,0.3671925042306149,0.2012266347251342,0.4409050655196205,0.259538488685933,0.5245226875185589,0.3381018897963301,0.5714442759905113,0.3817441199135162,374.7,15.34,12.1,5.71,28.6,10.94,125.7,15.0,138.3,18.21,70.0,26.56,2929.9
USA,2017,3117.5,8281.3,0.4346956080972365,0.609517711909024,0.2641957974588138,0.2914840444071764,0.1510816452466845,0.3540277630643862,0.1941121762825421,0.4459364310917182,0.2675007742557019,0.5213693404527081,0.334539917187224,0.5624968052350384,0.3749345830088189,446.5,14.97,19.6,6.8,77.6,10.37,141.7,13.91,125.9,18.4,81.7,24.88,3540.8
USA,2018,3200.5,8196.0,0.4073370661442413,0.6142068893959507,0.2489352654932948,0.2628194241124467,0.1373104676022616,0.2941526826655704,0.1595175078653308,0.3894749163646868,0.229007321404142,0.517783176134053,0.3336918574459951,0.5731534595241025,0.3856771978133813,358.1,14.66,18.4,1.47,35.5,9.01,43.2,10.58,130.3,24.01,130.8,27.21,3117.5
USA,2019,3474.6,8005.5,0.4092410739620959,0.6134803825554116,0.2493820986048799,0.2355734315577379,0.1248806581300091,0.2941432401775324,0.1598048551923821,0.4272475244790467,0.2533808311590342,0.5155921974569545,0.3292604245221521,0.574852515812429,0.3803897630212815,655.3,12.46,25.7,-0.25,58.1,5.98,79.3,14.31,354.9,18.21,137.3,23.21,3200.5
USA,2020,3341.7,8144.8,0.4235807299318482,0.6077036483554473,0.256654432456198,0.2814813764198958,0.1450323408571,0.34172586818451,0.1868108121686514,0.4294465310026397,0.2537471339682105,0.5053167860099474,0.321350133687678,0.5608887590058582,0.3770056091137001,329.9,13.79,48.6,2.26,71.5,9.72,38.1,12.66,99.5,17.7,72.2,26.25,3474.6
USA,2021,2980.5,8246.5,0.4139425927598008,0.5968853187708272,0.2549764839816596,0.2580017110237946,0.1389721123325348,0.3383496166174162,0.1867230799939693,0.418985710419351,0.2485914215952603,0.4979873081473164,0.325308719018719,0.5574501047037252,0.3760347968151532,361.4,12.76,8.3,-2.75,117.3,9.59,22.7,12.49,116.9,17.84,96.2,25.53,3341.7
USA,2022,3126.5,8065.8,0.4051692434021865,0.59358184276396,0.2483618853167062,0.2686812965337681,0.1449241566362332,0.3229661896603583,0.1780158003533025,0.3952203243340694,0.2334647777029292,0.4883462144597359,0.3188506481492831,0.5513344329303026,0.367119964051449,431.1,14.3,17.3,1.26,72.9,8.06,19.1,14.68,211.0,20.57,110.8,26.07,2980.5
USA,2023,3269.4,8330.0,0.4074744293514629,0.6237830437150143,0.2510304659829914,0.2569370412781329,0.1337108865192714,0.2862911584259023,0.1615628775410207,0.3940569486884341,0.2383061156412047,0.5181862551254188,0.332933639601556,0.5830235841255281,0.389477097440452,307.4,14.36,25.9,3.68,3.3,7.54,34.7,14.43,81.1,20.69,162.3,24.77,3126.5
UZB,2002,4041.0,3765.9,0.1873381756331729,0.2920116008752656,0.1268642999593966,0.1324864665042242,0.0784090530094195,0.1739574368157922,0.1149113412648765,0.2374262415855607,0.1610768275314624,0.2277046193076954,0.1599208442205479,0.189548090407133,0.1358314460287565,232.6,14.03,49.7,3.78,61.3,9.55,97.0,13.48,21.7,18.04,3.0,24.64,3150.9
UZB,2003,3731.5,3522.4,0.1735439793710348,0.2734922157021058,0.1157927444001593,0.1090322671016891,0.0642048768711104,0.1500290687826427,0.0943484743978196,0.2063337434980238,0.1397958855659695,0.2222045663918958,0.1533657654398234,0.2020847205624898,0.1406395485295323,192.9,12.7,45.5,3.46,70.5,6.48,37.2,12.67,31.0,16.63,8.6,23.73,4041.0
UZB,2004,3745.7,3596.1,0.1857440104039076,0.2751227959005548,0.1237946981613643,0.1570929715772701,0.0927893854607894,0.1821011320570891,0.1177233412770981,0.2291125660295345,0.1548709093896739,0.2006867109817506,0.1385058787625682,0.1781942201847499,0.1262053433673444,153.4,14.84,14.1,5.44,69.1,8.44,42.1,12.91,28.0,20.84,0.1,26.29,3731.5
UZB,2005,4207.3,4042.1,0.1705209920697399,0.2694122554817305,0.1139803963267038,0.0954138042896817,0.0554317888843243,0.1898680850878207,0.1189264162866825,0.2137656462435126,0.1469100290900332,0.1961237043298737,0.1364115417233838,0.1794404541273284,0.1259908144865962,162.5,13.57,36.3,-0.6,54.5,9.91,22.6,13.5,38.0,18.26,11.1,25.77,3745.7
UZB,2006,4210.8,4103.2,0.1690135507141432,0.2584593717442396,0.1136373934983742,0.1284789651082962,0.0733363598179324,0.1747533223390796,0.1122635512678532,0.2053785707359493,0.1414182577682281,0.1860290073140875,0.1317081725133488,0.1740076267640025,0.1249574121314827,117.3,16.06,51.4,6.55,25.1,9.25,35.6,15.37,4.1,22.47,1.1,26.05,4207.3
UZB,2007,4478.6,4396.9,0.1775865559359861,0.273046466707623,0.1199131205566994,0.137497792483896,0.0846344993130411,0.1633417341782839,0.1010168702420027,0.2298991064276729,0.157405784650895,0.1966249420683221,0.1392742232750018,0.1770861120475213,0.1273448342542805,162.3,15.13,30.2,4.09,71.1,6.92,39.8,16.96,20.8,20.24,0.3,26.83,4210.8
UZB,2008,4477.1,4285.3,0.1422281526749761,0.2288396366413718,0.0981575412278599,0.0617289165207363,0.0354739830529033,0.1516963359676457,0.1014517873893703,0.1783828780799582,0.1235387795874165,0.1724211295314149,0.1220514081591577,0.1581271152496597,0.1155152197899439,123.9,15.34,33.8,-0.94,22.5,12.37,51.4,15.33,16.2,22.06,0.0,27.22,4478.6
UZB,2009,4901.3,4553.1,0.1822488533098284,0.2739538522986086,0.1237626045295795,0.1299979154840335,0.0762829949819622,0.1843540262579163,0.1223092805738512,0.2301892210655462,0.1579233829617674,0.2061218392307326,0.1446203361785412,0.1725014065646148,0.1245089892636969,251.8,13.43,57.3,4.24,52.7,9.44,91.0,10.76,38.3,18.95,12.5,23.09,4477.1
UZB,2010,4600.0,4434.2,0.1699618048730796,0.2688391556205807,0.1144565400982625,0.1072289760050661,0.0624430978082796,0.1764566519072841,0.1142498266826128,0.2079998228670461,0.1423704454967711,0.1900722188948625,0.1316047186629204,0.1792552425394151,0.1283345007019387,211.2,14.57,66.7,2.04,49.2,9.84,42.7,14.79,41.5,19.6,11.1,25.73,4901.3
UZB,2011,4556.0,4414.5,0.1453197651039208,0.226854225978542,0.1000930811170361,0.092498211591478,0.055758448883775,0.1385423782026207,0.0896750046119068,0.1713375968059039,0.1203828986115804,0.1727516262837805,0.1225269430667389,0.1616351223491299,0.1180503032334327,133.5,14.61,63.5,0.77,37.7,6.82,10.3,15.66,16.7,22.07,5.3,26.82,4600.0
UZB,2012,4709.5,4597.9,0.1494689038956674,0.247477200432756,0.1029684761046772,0.0658187271869694,0.0394031471796233,0.1294543059438228,0.0796702586164024,0.1867892497328112,0.1314854173443551,0.1914518356820964,0.1367093220159254,0.1823722704164226,0.133343273381246,205.6,12.69,61.8,-1.91,76.9,4.7,43.5,15.5,19.9,19.36,3.4,25.34,4556.0
UZB,2013,4739.3,4746.4,0.1746234357042181,0.2635666592811131,0.1202130285251341,0.1294094914038638,0.0791346420040245,0.1703493951107796,0.1116951049030146,0.2130847755197397,0.1485639982136509,0.1938680144187306,0.1390612818431905,0.1750958894510909,0.1278222742984655,212.1,14.19,32.3,3.75,110.5,8.62,55.6,12.24,7.4,19.31,6.3,26.33,4709.5
UZB,2014,4782.1,4806.6,0.1476532464808292,0.2411434932985912,0.1027342466664183,0.0678946621183122,0.0426338252863871,0.1429969221989288,0.0922306608528503,0.1896286841482479,0.1315327607054516,0.17931785682451,0.129985550766251,0.1660096174155798,0.1214217345333632,127.9,13.3,17.8,-2.39,44.7,6.78,44.3,12.55,17.7,21.81,3.4,26.64,4739.3
UZB,2015,4817.5,4835.2,0.1762073361393736,0.2661455804573228,0.1195732687128589,0.1364720160565418,0.0815411957880255,0.1721927143119284,0.1092928372457098,0.209471867752693,0.1437686049044634,0.1946955540219498,0.1393085458105019,0.1769758717551059,0.1291246259339503,224.5,14.13,109.9,3.25,61.0,5.2,25.3,14.32,25.0,20.3,3.3,26.94,4782.1
UZB,2016,4802.3,4827.0,0.1930274566550112,0.2914582732655292,0.1294231619747613,0.1484275972755771,0.091377336048643,0.2023839541657914,0.1291837618617169,0.2359539444194612,0.1598030822440595,0.2047034860283219,0.1423363303095512,0.1828609212664851,0.1297974502646822,267.6,15.1,13.8,5.57,87.0,10.64,61.2,12.97,86.7,20.51,18.9,25.46,4817.5
UZB,2017,4316.5,4298.2,0.1742094681482223,0.2762157287820216,0.1172959487692231,0.1093371330034271,0.0627116781953807,0.1592595775208986,0.0997425816865925,0.2197500884529561,0.1515183353849509,0.2024302451308668,0.1427404478473857,0.1887604773265106,0.1351312255708565,289.6,13.38,110.1,0.89,76.6,5.78,77.0,12.0,25.0,21.29,0.9,26.1,4802.3
UZB,2018,4126.0,4103.9,0.1585868249819185,0.2419891795610506,0.1084893068599541,0.103154745843215,0.0636310350646557,0.1582889087397613,0.1013212073638969,0.1903562277615566,0.1319582843735343,0.1803230810858593,0.1282119161511644,0.1695444836294216,0.1223477054546616,155.9,14.72,34.5,3.27,50.4,11.53,23.3,14.12,39.2,18.64,8.3,25.26,4316.5
UZB,2019,4649.3,4554.0,0.1925319460406788,0.2982775046906981,0.1299885676202515,0.1445276829034142,0.0864268120963347,0.1922657012575921,0.1254936125173441,0.2465310042910042,0.1685941154432743,0.2040637577769816,0.1432023903579023,0.1816552570580919,0.1296880893795456,307.7,13.48,35.6,2.44,61.4,8.89,146.3,13.14,35.0,19.19,29.4,22.96,4126.0
UZB,2020,4555.6,4510.8,0.1776148043799896,0.2604677606312389,0.1205999752271549,0.1419405627185342,0.0857246732295352,0.1718793092374822,0.1140872936624154,0.2073068977280138,0.1418007088574418,0.1971137152533583,0.1379350569502906,0.1759303533553992,0.1267070607862828,378.1,13.7,74.4,3.98,50.8,8.77,165.1,12.7,85.8,18.53,2.0,24.21,4649.3
UZB,2021,4824.5,4774.4,0.1551565019610947,0.2269954568625183,0.1081503969518541,0.1267074390226226,0.0806046419442575,0.1458846863892449,0.0947333615990306,0.1766868331018019,0.1247952434539827,0.171489884178531,0.1248127707686014,0.1616136271076096,0.1195305321606797,149.1,15.57,20.1,6.02,91.2,7.51,23.2,14.15,13.8,22.11,0.8,27.51,4555.6
UZB,2022,4987.8,5007.8,0.166170830104229,0.2523389565428274,0.1162367434891784,0.1227544626361046,0.0773599835811942,0.1605055544430551,0.1071567867624373,0.2026253940847666,0.1450397893470331,0.18307966520475,0.1314721685187979,0.168574146677691,0.1237378479076569,289.2,14.88,15.5,3.88,136.5,7.35,38.2,17.7,91.0,19.18,8.0,25.67,4824.5
UZB,2023,5266.2,5343.6,0.1621288949141586,0.2394007508155184,0.1124837552797337,0.1394631988862486,0.0865502434890945,0.1776054331747822,0.1195421543755238,0.1778026615641656,0.1265700080449945,0.1642175563610771,0.1172515961088992,0.1576449027947515,0.1157976692802595,139.8,15.97,64.5,3.42,30.4,12.5,25.6,15.17,18.6,19.94,0.8,27.96,4987.8
